,Year,Month,Day,Rented_Bike_Count,Temperature_C,Humidity_percent,Wind_speed_m_s,Visibility_10m,Dew_point_temperature_C,Solar_Radiation_MJ_m2,Rainfall_mm,Snowfall_cm,Seasons,Holiday,Functioning_Day,Season_Autumn,Season_Spring,Season_Summer,Season_Winter,Visibility_10m_Scaled,Temperature_C_Scaled,Humidity_percent_Scaled,Wind_speed_m_s_Scaled,Rented_Bike_LogScale
0,2017,12,1,9539,27.5825,45.875,1.5374999999999999,1870.75,7.617499999999996,0.24875,0.0,0.0,Winter,1,1,0.0,0.0,0.0,1.0,0.9276197587325291,0.2533734422002578,0.32088285229202035,0.26217228464419473,9.163248764442333
1,2017,12,2,8523,34.385,61.958333333333336,1.7125000000000001,1471.0833333333333,21.71,0.26375,0.0,0.0,Winter,1,1,0.0,0.0,0.0,1.0,0.7038056793522645,0.3313278899871078,0.5393322014714205,0.3146067415730338,9.050640993218508
2,2017,12,3,7222,40.775,81.54166666666667,1.6125,455.75,35.39,0.12541666666666665,0.16666666666666666,0.0,Winter,1,1,0.0,0.0,0.0,1.0,0.1352171173903913,0.40455522131499777,0.8053197509903792,0.28464419475655434,8.885025658050846
3,2017,12,4,8729,31.4525,52.5,3.4499999999999997,1362.8333333333333,14.134999999999998,0.28291666666666665,0.004166666666666667,0.0,Winter,1,1,0.0,0.0,0.0,1.0,0.6431854772849243,0.29772238934250106,0.41086587436332767,0.8352059925093632,9.074520648833648
4,2017,12,5,8307,23.975,36.416666666666664,1.1083333333333334,1959.4583333333333,0.634999999999998,0.035833333333333335,0.0,0.0,Winter,1,1,0.0,0.0,0.0,1.0,0.9772965909886366,0.21203266007735283,0.19241652518392752,0.13358302122347068,9.024974184996003
5,2017,12,6,6669,32.0825,70.79166666666667,0.6958333333333333,1186.875,22.6625,0.25583333333333336,0.05416666666666666,0.35833333333333334,Winter,1,1,0.0,0.0,0.0,1.0,0.5446484821616072,0.30494198538891276,0.6593095642331637,0.009987515605493132,8.80537513890967
6,2017,12,7,8549,33.965,67.54166666666667,1.6916666666666667,949.4166666666666,22.9775,0.24375,0.0,0.43333333333333335,Winter,1,1,0.0,0.0,0.0,1.0,0.41167137223790745,0.32651482595616677,0.6151669496321449,0.30836454431960053,9.053686561930807
7,2017,12,8,8032,25.115000000000002,41.75,1.8499999999999999,1872.2083333333333,4.34,0.2870833333333333,0.0,0.0,Winter,1,1,0.0,0.0,0.0,1.0,0.928436428121427,0.22509669101847873,0.26485568760611206,0.3558052434456929,8.991313336173812
8,2017,12,9,7233,30.4775,46.0,1.0791666666666668,1860.9583333333333,11.779999999999998,0.26333333333333336,0.0,0.0,Winter,1,1,0.0,0.0,0.0,1.0,0.922136407121357,0.28654920498495917,0.3225806451612903,0.12484394506866422,8.886547412512042
9,2017,12,10,3453,34.145,69.70833333333333,2.004166666666667,1043.0416666666667,24.740000000000002,0.08666666666666667,0.1708333333333333,1.3541666666666667,Winter,1,1,0.0,0.0,0.0,1.0,0.46410154700515677,0.32857756768371293,0.6445953593661573,0.40199750312109866,8.147288258706624
10,2017,12,11,5848,20.72,39.375,3.608333333333333,1991.1666666666667,-0.37000000000000455,0.2920833333333333,0.0,0.0,Winter,1,1,0.0,0.0,0.0,1.0,0.9950533168443895,0.17473141383755908,0.23259762308998302,0.8826466916354556,8.674025985443025
11,2017,12,12,5496,14.96,42.791666666666664,2.033333333333333,1966.7916666666667,-3.887500000000003,0.2833333333333333,0.0,0.0,Winter,1,1,0.0,0.0,0.0,1.0,0.9814032713442379,0.1087236785560808,0.27900396151669493,0.41073657927590507,8.61195776786066
12,2017,12,13,6019,16.49,41.166666666666664,1.7874999999999999,1954.125,-3.782499999999999,0.28375,0.0,0.0,Winter,1,1,0.0,0.0,0.0,1.0,0.9743099143663813,0.12625698324022344,0.2569326542161856,0.33707865168539325,8.702842538302868
13,2017,12,14,6398,19.6325,42.541666666666664,0.8875000000000001,1617.1666666666667,0.03500000000000014,0.15416666666666667,0.0,0.0,Winter,1,1,0.0,0.0,0.0,1.0,0.7856126187087291,0.16226901590030082,0.27560837577815506,0.06741573033707868,8.76389700713946
14,2017,12,15,7198,26.0975,50.458333333333336,0.9833333333333334,1000.2083333333334,9.814999999999998,0.10041666666666667,0.0,0.0,Winter,1,1,0.0,0.0,0.0,1.0,0.440114800382668,0.2363558229480017,0.3831352574985852,0.09612983770287144,8.881697406469304
15,2017,12,16,4632,22.482499999999998,46.333333333333336,2.954166666666667,1514.875,3.1700000000000017,0.26666666666666666,0.0,0.0,Winter,1,1,0.0,0.0,0.0,1.0,0.7283290944303148,0.19492909325311558,0.3271080928126769,0.6866416978776531,8.440959885416648
16,2017,12,17,3776,19.377499999999998,37.625,1.9041666666666668,1989.625,-2.6950000000000074,0.27125,0.0,0.0,Winter,1,1,0.0,0.0,0.0,1.0,0.9941899806332688,0.15934679845294367,0.20882852292020374,0.37203495630461925,8.236685322712457
17,2017,12,18,2620,28.4525,77.0,1.1833333333333333,629.5,22.009999999999998,0.06916666666666667,0.1416666666666667,2.4875000000000003,Winter,1,1,0.0,0.0,0.0,1.0,0.2325174417248058,0.26334336055006446,0.7436332767402377,0.15605493133583023,7.8713112033234065
18,2017,12,19,4334,25.64,50.208333333333336,2.1708333333333334,1661.2083333333333,8.5625,0.2754166666666667,0.0,2.316666666666667,Winter,1,1,0.0,0.0,0.0,1.0,0.8102760342534474,0.23111302105715514,0.3797396717600453,0.4519350811485643,8.374476889214643
19,2017,12,20,4568,24.275,65.5,1.1125,1404.7083333333333,13.9925,0.13999999999999999,0.008333333333333333,2.0124999999999997,Winter,1,1,0.0,0.0,0.0,1.0,0.6666355554518515,0.21547056295659645,0.5874363327674024,0.13483146067415733,8.427049641563272
20,2017,12,21,5734,30.4775,73.08333333333333,1.2166666666666666,730.375,22.1375,0.25625000000000003,0.0,1.6208333333333336,Winter,1,1,0.0,0.0,0.0,1.0,0.28900763002543345,0.28654920498495917,0.6904357668364459,0.16604244694132334,8.65434302956347
21,2017,12,22,7184,36.965,67.08333333333333,1.0,802.75,26.8925,0.14208333333333334,0.0,0.32083333333333336,Winter,0,1,0.0,0.0,0.0,1.0,0.3295377651258838,0.36089385474860336,0.6089417091114884,0.10112359550561799,8.879750798513125
22,2017,12,23,6624,43.0325,75.58333333333333,1.1583333333333334,338.625,35.6375,0.13666666666666666,0.0,0.0,Winter,1,1,0.0,0.0,0.0,1.0,0.0696268987563292,0.43042544048130643,0.7243916242218449,0.1485642946317104,8.798605650854423
23,2017,12,24,2014,38.225,82.79166666666667,1.825,359.3333333333333,33.275,0.029166666666666664,0.8333333333333334,0.0,Winter,0,1,0.0,0.0,0.0,1.0,0.08122360407868026,0.3753330468414267,0.8222976796830788,0.34831460674157305,7.608374474380783
24,2017,12,25,3966,28.235,43.375,2.6999999999999997,1916.9166666666667,8.21,0.2820833333333333,0.0,0.0,Winter,0,1,0.0,0.0,0.0,1.0,0.9534731782439275,0.2608508809626128,0.2869269949066214,0.6104868913857677,8.28576542051433
25,2017,12,26,5605,26.119999999999997,43.583333333333336,2.8625000000000003,1960.2916666666667,4.34,0.28,0.0,0.0,Winter,1,1,0.0,0.0,0.0,1.0,0.977763259210864,0.23661366566394496,0.289756649688738,0.6591760299625469,8.631592731724734
26,2017,12,27,5351,19.4075,31.125,1.9541666666666666,1996.5,-6.827500000000008,0.2754166666666667,0.0,0.0,Winter,1,1,0.0,0.0,0.0,1.0,0.9980399934666448,0.15969058874086806,0.12054329371816638,0.3870162297128589,8.585225601808064
27,2017,12,28,6594,27.3575,45.041666666666664,1.3541666666666667,1574.7916666666667,8.067499999999999,0.15791666666666668,0.0,0.0,Winter,1,1,0.0,0.0,0.0,1.0,0.7618825396084654,0.25079501504082513,0.309564233163554,0.20724094881398256,8.794067065151415
28,2017,12,29,7663,35.9525,65.0,1.175,523.625,25.2575,0.16125,0.0,0.0,Winter,1,1,0.0,0.0,0.0,1.0,0.17322724409081366,0.349290932531156,0.5806451612903226,0.15355805243445694,8.944289319650697
29,2017,12,30,4027,34.3625,77.75,0.9375,214.29166666666666,27.9425,0.09375,0.020833333333333332,0.0,Winter,1,1,0.0,0.0,0.0,1.0,0.0,0.33107004727116457,0.7538200339558574,0.08239700374531836,8.301025253838453
30,2017,12,31,3423,32.1575,59.083333333333336,2.3208333333333333,1120.2916666666667,17.0075,0.27625,0.049999999999999996,0.5958333333333333,Winter,0,1,0.0,0.0,0.0,1.0,0.5073616912056375,0.30580146110872364,0.5002829654782117,0.4968789013732834,8.138564737261632
31,2018,1,1,4290,29.69,39.333333333333336,1.4541666666666666,1894.8333333333333,7.039999999999999,0.25583333333333336,0.0,0.0,Winter,0,1,0.0,0.0,0.0,1.0,0.9411064703549011,0.27752470992694456,0.23203169213355973,0.23720349563046192,8.364275084991524
32,2018,1,2,6446,29.315,43.708333333333336,1.7666666666666666,1712.2083333333333,7.977499999999999,0.22333333333333336,0.0,0.0,Winter,1,1,0.0,0.0,0.0,1.0,0.8388361294537648,0.27322733132789,0.29145444255800795,0.33083645443196,8.77137018531062
33,2018,1,3,6512,23.9375,41.166666666666664,2.125,1945.1666666666667,3.417499999999997,0.2733333333333333,0.0,0.0,Winter,1,1,0.0,0.0,0.0,1.0,0.9692932309774366,0.21160292221744734,0.2569326542161856,0.4382022471910112,8.781555458546402
34,2018,1,4,6453,23.36,44.125,1.375,1825.3333333333333,4.317500000000003,0.19708333333333336,0.0,0.0,Winter,1,1,0.0,0.0,0.0,1.0,0.9021863406211353,0.20498495917490328,0.29711375212224106,0.21348314606741575,8.772455372611907
35,2018,1,5,6967,26.7575,48.541666666666664,1.6583333333333332,1434.2083333333333,9.785,0.24833333333333332,0.0,0.0,Winter,1,1,0.0,0.0,0.0,1.0,0.6831556105187017,0.24391920928233776,0.3571024335031126,0.2983770287141073,8.849083518532339
36,2018,1,6,5180,27.0425,45.666666666666664,1.4791666666666667,1561.8333333333333,7.91,0.28291666666666665,0.0,0.0,Winter,1,1,0.0,0.0,0.0,1.0,0.7546258487528291,0.24718521701761925,0.31805319750990374,0.24469413233458182,8.552753366814787
37,2018,1,7,4714,29.825,43.083333333333336,0.8125,1451.875,9.537500000000001,0.15625,0.0,0.0,Winter,1,1,0.0,0.0,0.0,1.0,0.6930489768299227,0.2790717662226042,0.2829654782116582,0.04494382022471911,8.458504195067558
38,2018,1,8,5711,34.5575,49.333333333333336,1.75,1148.9583333333333,16.52,0.09958333333333334,0.0375,0.1875,Winter,1,1,0.0,0.0,0.0,1.0,0.5234150780502602,0.33330468414267295,0.36785512167515566,0.32584269662921345,8.65032450401942
39,2018,1,9,5500,25.0325,58.583333333333336,2.975,1495.9583333333333,12.402499999999996,0.2333333333333333,0.0,0.45,Winter,1,1,0.0,0.0,0.0,1.0,0.7177357257857525,0.2241512677266867,0.4934917940011319,0.6928838951310862,8.612685172875459
40,2018,1,10,4161,19.339999999999996,54.208333333333336,2.9333333333333336,1860.625,4.6175,0.28541666666666665,0.03333333333333333,0.425,Winter,1,1,0.0,0.0,0.0,1.0,0.9219497398324661,0.1589170605930382,0.4340690435766837,0.6803995006242198,8.33375100695358
41,2018,1,11,4017,12.620000000000001,49.875,2.6374999999999997,1828.125,-2.7775000000000034,0.2833333333333333,0.0,0.0,Winter,1,1,0.0,0.0,0.0,1.0,0.9037496791655972,0.08190803609798024,0.37521222410865873,0.5917602996254681,8.29853954537488
42,2018,1,12,4111,12.747499999999999,36.166666666666664,1.7666666666666666,1981.9166666666667,-9.707500000000003,0.29624999999999996,0.0,0.0,Winter,1,1,0.0,0.0,0.0,1.0,0.9898732995776653,0.08336914482165877,0.18902093944538764,0.33083645443196,8.321664807135
43,2018,1,13,3503,23.795,63.791666666666664,0.8458333333333333,1082.75,12.934999999999999,0.11666666666666668,0.016666666666666666,0.09166666666666667,Winter,1,1,0.0,0.0,0.0,1.0,0.48633828779429267,0.20996991834980663,0.5642331635540464,0.054931335830212244,8.161660452056282
44,2018,1,14,4225,32.0375,65.75,1.0625,667.875,21.447499999999998,0.18958333333333333,0.0,0.0,Winter,1,1,0.0,0.0,0.0,1.0,0.2540075133583779,0.3044262999570262,0.5908319185059423,0.11985018726591762,8.349011198176003
45,2018,1,15,6334,40.475,63.916666666666664,1.4791666666666667,639.5833333333334,28.5575,0.19458333333333333,0.008333333333333333,0.0,Winter,1,1,0.0,0.0,0.0,1.0,0.23816412721375743,0.40111731843575416,0.5659309564233164,0.24469413233458182,8.75384509275524
46,2018,1,16,6705,37.9025,59.458333333333336,0.7583333333333333,428.5416666666667,24.830000000000002,0.09999999999999999,0.0,0.0,Winter,1,1,0.0,0.0,0.0,1.0,0.11998039993466647,0.37163730124623984,0.5053763440860215,0.028714107365792756,8.810757927026174
47,2018,1,17,6292,40.19,63.416666666666664,1.2291666666666667,350.125,28.6175,0.17375,0.0,0.0,Winter,1,1,0.0,0.0,0.0,1.0,0.07606692022306742,0.3978513107004727,0.5591397849462365,0.1697877652933833,8.747193183526933
48,2018,1,18,6383,36.17,62.541666666666664,1.875,586.2916666666666,23.72,0.12666666666666668,0.0,0.0,Winter,1,1,0.0,0.0,0.0,1.0,0.20832069440231468,0.35178341211860764,0.5472552348613469,0.36329588014981273,8.761550139129644
49,2018,1,19,7472,33.8975,40.875,1.6541666666666668,1484.375,11.704999999999998,0.2733333333333334,0.0,0.0,Winter,1,1,0.0,0.0,0.0,1.0,0.7112490374967917,0.32574129780833694,0.2529711375212224,0.2971285892634208,8.91905180393029
50,2018,1,20,5576,36.0725,58.458333333333336,1.5666666666666667,791.9583333333334,22.8275,0.18791666666666665,0.0,0.0,Winter,1,1,0.0,0.0,0.0,1.0,0.3234944116480389,0.3506660936828534,0.49179400113186195,0.27091136079900124,8.626406276389554
51,2018,1,21,4973,32.705,37.583333333333336,1.1333333333333333,1375.75,7.752500000000001,0.245,0.0,0.0,Winter,1,1,0.0,0.0,0.0,1.0,0.6504188347294491,0.3120756338633433,0.20826259196378044,0.14107365792759052,8.51197962436335
52,2018,1,22,4503,32.795,53.208333333333336,1.4083333333333332,1294.5,15.162500000000001,0.07958333333333333,0.13749999999999998,0.25833333333333336,Winter,1,1,0.0,0.0,0.0,1.0,0.6049186830622768,0.31310700472711644,0.4204867006225241,0.22347066167290885,8.412721169819527
53,2018,1,23,3981,12.350000000000001,44.541666666666664,3.6750000000000003,1912.0416666666667,-5.927500000000002,0.3175,0.0,0.9708333333333333,Winter,1,1,0.0,0.0,0.0,1.0,0.9507431691438972,0.07881392350666094,0.3027730616864742,0.902621722846442,8.289539484624141
54,2018,1,24,3154,6.649999999999999,30.791666666666668,3.3958333333333335,1986.0833333333333,-17.950000000000003,0.32208333333333333,0.0,0.8208333333333333,Winter,1,1,0.0,0.0,0.0,1.0,0.9922066406888023,0.013493768801031352,0.11601584606677987,0.818976279650437,8.056743774975313
55,2018,1,25,3113,6.792499999999997,33.416666666666664,2.8708333333333336,1996.5,-16.1875,0.30333333333333334,0.0,0.5916666666666667,Winter,1,1,0.0,0.0,0.0,1.0,0.9980399934666448,0.015126772668672073,0.15166949632144874,0.6616729088639202,8.043663352393944
56,2018,1,26,2931,5.4725,33.916666666666664,2.5166666666666666,1890.9583333333333,-17.012500000000003,0.27791666666666665,0.0,0.4291666666666667,Winter,1,1,0.0,0.0,0.0,1.0,0.9389364631215437,0.0,0.15846066779852855,0.5555555555555556,7.983440063006542
57,2018,1,27,2693,13.2275,38.291666666666664,1.5333333333333332,1794.5416666666667,-8.14,0.3125,0.0,0.18333333333333332,Winter,1,1,0.0,0.0,0.0,1.0,0.8849429498098328,0.08886978942844863,0.21788341822297677,0.2609238451935081,7.898782356970309
58,2018,1,28,2828,21.14,34.708333333333336,2.625,1928.1666666666667,-3.0024999999999977,0.2658333333333333,0.0,0.0,Winter,1,1,0.0,0.0,0.0,1.0,0.9597731992439975,0.17954447786850022,0.16921335597057163,0.5880149812734082,7.947678571301568
59,2018,1,29,4088,16.655,36.25,2.720833333333333,1946.0833333333333,-6.070000000000007,0.32,0.0,0.0,Winter,1,1,0.0,0.0,0.0,1.0,0.9698065660218868,0.12814782982380749,0.19015280135823429,0.616729088639201,8.316055720364643
60,2018,1,30,3360,21.357499999999998,58.666666666666664,1.2541666666666667,1413.625,7.9925,0.22541666666666668,0.12083333333333333,0.8083333333333332,Winter,1,1,0.0,0.0,0.0,1.0,0.6716289054296848,0.18203695745595183,0.49462365591397844,0.17727840199750314,8.119993827725105
61,2018,1,31,3830,28.0625,57.166666666666664,1.7125000000000001,1545.7083333333333,13.309999999999999,0.1625,0.0,2.6999999999999997,Winter,1,1,0.0,0.0,0.0,1.0,0.7455958186527288,0.2588740868070477,0.4742501414827391,0.3146067415730338,8.25088114470065
62,2018,2,1,5377,25.04,44.0,1.6083333333333334,1923.625,4.977499999999999,0.33708333333333335,0.0,0.9041666666666667,Winter,1,1,0.0,0.0,0.0,1.0,0.9572298574328582,0.2242372152986678,0.29541595925297115,0.2833957553058677,8.59007183682881
63,2018,2,2,5954,27.2375,48.708333333333336,1.6416666666666666,1667.2916666666667,9.29,0.30375,0.0,0.0,Winter,1,1,0.0,0.0,0.0,1.0,0.8136827122757077,0.24941985388912763,0.3593661573288059,0.2933832709113608,8.691986481789401
64,2018,2,3,3290,20.089999999999996,48.916666666666664,3.795833333333333,1678.75,2.974999999999998,0.56875,0.020833333333333332,0.09166666666666667,Winter,1,1,0.0,0.0,0.0,1.0,0.8200994003313344,0.16751181779114735,0.36219581211092244,0.9388264669163544,8.098946748943339
65,2018,2,4,2487,14.862499999999997,41.0,3.0625,1828.375,-5.200000000000003,0.56875,0.0,0.0,Winter,1,1,0.0,0.0,0.0,1.0,0.9038896796322654,0.10760636012032657,0.2546689303904924,0.7191011235955056,7.81923445385907
66,2018,2,5,3932,15.079999999999998,37.958333333333336,3.0666666666666664,1975.2916666666667,-6.752500000000005,0.5962500000000001,0.0,0.0,Winter,1,1,0.0,0.0,0.0,1.0,0.9861632872109574,0.11009883970777823,0.2133559705715903,0.7203495630461921,8.27715777243181
67,2018,2,6,3988,13.985,35.541666666666664,3.1791666666666667,1956.0833333333333,-8.634999999999998,0.58875,0.0,0.0,Winter,1,1,0.0,0.0,0.0,1.0,0.9754065846886156,0.09755049419853888,0.18053197509903787,0.7540574282147315,8.291295851905407
68,2018,2,7,4697,17.014999999999997,40.0,1.6166666666666665,1831.0,-4.645000000000003,0.5579166666666667,0.0,0.0,Winter,1,1,0.0,0.0,0.0,1.0,0.9053596845322818,0.13227331327889982,0.24108658743633277,0.2858926342072409,8.454892165218858
69,2018,2,8,5613,23.7425,44.75,1.2,1643.875,4.085000000000001,0.54375,0.0,0.0,Winter,1,1,0.0,0.0,0.0,1.0,0.8005693352311174,0.20936828534593896,0.30560271646859083,0.16104868913857678,8.633018756921828
70,2018,2,9,6268,31.9025,42.458333333333336,1.0958333333333334,1181.5833333333333,10.752499999999998,0.2733333333333333,0.0,0.0,Winter,1,1,0.0,0.0,0.0,1.0,0.5416851389504632,0.30287924366136654,0.27447651386530847,0.12983770287141078,8.743372131273969
71,2018,2,10,4425,32.2175,49.75,3.0666666666666664,1094.4583333333333,12.2975,0.39208333333333334,0.0,0.0,Winter,1,1,0.0,0.0,0.0,1.0,0.49289497631658774,0.3064890416845724,0.3735144312393888,0.7203495630461921,8.395251520610994
72,2018,2,11,2850,21.2225,40.541666666666664,2.6999999999999997,1963.7916666666667,-0.0024999999999977263,0.5108333333333334,0.0,0.0,Winter,1,1,0.0,0.0,0.0,1.0,0.9797232657442192,0.1804899011602922,0.24844368986983584,0.6104868913857677,7.955425088912672
73,2018,2,12,4813,21.2225,39.708333333333336,2.775,1934.8333333333333,-0.21249999999999858,0.5725,0.0,0.0,Winter,1,1,0.0,0.0,0.0,1.0,0.9635065450218167,0.1804899011602922,0.2371250707413696,0.6329588014981273,8.479283618343016
74,2018,2,13,6267,29.6,53.833333333333336,2.6416666666666666,1950.375,14.502500000000001,0.5716666666666667,0.0,0.0,Winter,1,1,0.0,0.0,0.0,1.0,0.9722099073663579,0.2764933390631715,0.42897566496887385,0.5930087390761548,8.74321260347591
75,2018,2,14,6771,38.4725,53.791666666666664,2.4291666666666667,1380.5416666666667,22.189999999999998,0.28833333333333333,0.0,0.0,Winter,1,1,0.0,0.0,0.0,1.0,0.6531021770072567,0.37816931671680276,0.42840973401245047,0.529338327091136,8.820551743253025
76,2018,2,15,3484,31.19,27.75,2.3833333333333333,1982.75,0.6274999999999977,0.6,0.0,0.0,Winter,0,1,0.0,0.0,0.0,1.0,0.9903399677998926,0.29471422432316285,0.07470288624787776,0.515605493133583,8.156223323194624
77,2018,2,16,2593,30.0425,40.5,2.091666666666667,1877.25,7.512499999999999,0.5875,0.0,0.0,Winter,0,1,0.0,0.0,0.0,1.0,0.9312597708659028,0.28156424581005585,0.24787775891341257,0.42821473158551815,7.860956364876389
78,2018,2,17,3118,26.794999999999998,26.875,2.720833333333333,1973.3333333333333,-3.9849999999999994,0.6583333333333333,0.0,0.0,Winter,0,1,0.0,0.0,0.0,1.0,0.9850666168887229,0.2443489471422432,0.06281833616298811,0.616729088639201,8.045267716607803
79,2018,2,18,4562,30.7775,26.5,1.2874999999999999,1985.5833333333333,-0.45250000000000057,0.4675,0.0,0.0,Winter,1,1,0.0,0.0,0.0,1.0,0.9919266397554658,0.28998710786420284,0.057724957555178265,0.18726591760299624,8.425735580927402
80,2018,2,19,7604,35.1125,46.5,1.5,1269.2916666666667,16.2725,0.42,0.0,0.0,Winter,1,1,0.0,0.0,0.0,1.0,0.5908019693398978,0.3396648044692737,0.3293718166383701,0.250936329588015,8.936561204693394
81,2018,2,20,7955,33.9725,44.916666666666664,2.4541666666666666,1267.9583333333333,10.7225,0.5650000000000001,0.0,0.0,Winter,1,1,0.0,0.0,0.0,1.0,0.5900553001843339,0.32660077352814776,0.30786644029428406,0.5368289637952559,8.981681639973862
82,2018,2,21,7491,30.35,30.0,2.3375,1972.125,0.6199999999999974,0.6366666666666666,0.0,0.0,Winter,1,1,0.0,0.0,0.0,1.0,0.9843899479664933,0.2850880962612806,0.10526315789473684,0.50187265917603,8.921591063563978
83,2018,2,22,7712,33.785,56.0,2.0708333333333333,1500.1666666666667,19.6475,0.39375,0.0,0.0,Winter,1,1,0.0,0.0,0.0,1.0,0.720092400308001,0.3244520842286205,0.45840407470288624,0.42197253433208487,8.950662495933999
84,2018,2,23,5797,39.11,80.91666666666667,1.9166666666666667,249.79166666666666,33.2975,0.39291666666666664,0.1708333333333333,1.8625,Winter,1,1,0.0,0.0,0.0,1.0,0.019880066266887556,0.38547486033519557,0.7968307866440295,0.37578027465667924,8.6652683094816
85,2018,2,24,6356,36.9725,52.666666666666664,2.3125,963.0,18.5825,0.5454166666666667,0.0,0.0,Winter,1,1,0.0,0.0,0.0,1.0,0.41927806426021424,0.3609798023205844,0.4131295981890209,0.4943820224719101,8.757311846936409
86,2018,2,25,6500,35.45,39.291666666666664,1.7958333333333334,1694.875,11.900000000000002,0.6737500000000001,0.0,0.0,Winter,1,1,0.0,0.0,0.0,1.0,0.8291294304314347,0.34353244520842285,0.23146576117713635,0.33957553058676654,8.77971129020447
87,2018,2,26,9247,36.905,45.958333333333336,1.3666666666666665,1324.625,16.22,0.6816666666666666,0.0,0.0,Winter,1,1,0.0,0.0,0.0,1.0,0.6217887392957976,0.36020627417275464,0.32201471420486705,0.2109862671660424,9.13216259091216
88,2018,2,27,8862,39.215,47.0,0.9,872.1666666666666,20.585,0.11916666666666666,0.0,0.0,Winter,1,1,0.0,0.0,0.0,1.0,0.3684112280374268,0.38667812634293086,0.3361629881154499,0.0711610486891386,9.089640586738398
89,2018,2,28,3820,40.730000000000004,70.08333333333333,2.1041666666666665,640.0,30.9425,0.07125,0.9583333333333334,0.0,Winter,1,1,0.0,0.0,0.0,1.0,0.2383974613248711,0.40403953588311137,0.6496887379739671,0.431960049937578,8.2482674474469
90,2018,3,1,5132,32.81,64.20833333333333,3.5541666666666667,1084.0,20.502499999999998,0.7475,0.10416666666666667,0.0,Spring,0,1,0.0,1.0,0.0,0.0,0.4870382901276338,0.31327889987107865,0.5698924731182795,0.8664169787765293,8.543445562560303
91,2018,3,2,8433,29.9375,36.375,1.6416666666666666,1679.2916666666667,5.164999999999999,0.7929166666666667,0.0,0.0,Spring,1,1,0.0,1.0,0.0,0.0,0.8204027346757823,0.28036097980232055,0.19185059422750425,0.2933832709113608,9.040026434306505
92,2018,3,3,12191,44.9225,33.541666666666664,1.5958333333333332,1712.9166666666667,15.634999999999998,0.7516666666666666,0.0,0.0,Spring,1,1,0.0,1.0,0.0,0.0,0.8392327974426582,0.4520842286205415,0.1533672891907187,0.2796504369538077,9.408535277926427
93,2018,3,4,4688,49.7,89.0,1.2291666666666667,582.625,46.415,0.16333333333333333,0.10416666666666667,0.0,Spring,1,1,0.0,1.0,0.0,0.0,0.20626735422451412,0.5068328319724968,0.9066213921901528,0.1697877652933833,8.452974619089586
94,2018,3,5,8597,42.8675,68.58333333333333,1.9166666666666667,1838.0833333333333,32.2775,0.5750000000000001,0.5208333333333334,0.0,Spring,1,1,0.0,1.0,0.0,0.0,0.9093263644212147,0.4285345938977223,0.6293152235427277,0.37578027465667924,9.059284897056227
95,2018,3,6,12003,39.7175,49.458333333333336,1.5458333333333334,1816.3333333333333,20.15,0.74375,0.0,0.0,Spring,1,1,0.0,1.0,0.0,0.0,0.8971463238210794,0.39243661366566396,0.3695529145444256,0.2646691635455681,9.392995206560258
96,2018,3,7,11170,43.144999999999996,50.666666666666664,1.7166666666666668,1873.625,25.4975,0.4483333333333333,0.0,0.0,Spring,1,1,0.0,1.0,0.0,0.0,0.9292297640992137,0.4317146540610228,0.38596491228070173,0.31585518102372034,9.321076413570848
97,2018,3,8,7711,40.5125,77.79166666666667,2.033333333333333,826.25,33.755,0.4291666666666667,0.1875,0.0,Spring,1,1,0.0,1.0,0.0,0.0,0.3426978089926967,0.40154705629565973,0.7543859649122807,0.41073657927590507,8.950532836290382
98,2018,3,9,11642,40.2875,62.041666666666664,1.5125,1083.6666666666667,27.86,0.4258333333333333,0.0,0.0,Spring,1,1,0.0,1.0,0.0,0.0,0.4868516228387429,0.3989686291362269,0.5404640633842671,0.2546816479400749,9.362460420037015
99,2018,3,10,11064,39.8375,65.04166666666667,1.9500000000000002,980.8333333333334,28.2875,0.6854166666666667,0.0,0.0,Spring,1,1,0.0,1.0,0.0,0.0,0.4292647642158808,0.39381177481736135,0.5812110922467459,0.38576779026217234,9.31154225248515
100,2018,3,11,11843,43.9025,53.333333333333336,1.9416666666666667,945.125,25.009999999999998,0.7545833333333333,0.0,0.0,Spring,1,1,0.0,1.0,0.0,0.0,0.40926803089343633,0.4403953588311131,0.42218449349179404,0.38327091136079905,9.379576689221482
101,2018,3,12,13339,46.0175,44.458333333333336,1.4000000000000001,812.7916666666666,25.16,0.58,0.0,0.0,Spring,1,1,0.0,1.0,0.0,0.0,0.33516111720372405,0.4646325741297808,0.30164119977362763,0.22097378277153562,9.498522319469615
102,2018,3,13,15963,52.97,59.25,1.7249999999999999,973.7916666666666,38.555,0.5904166666666667,0.0,0.0,Spring,1,1,0.0,1.0,0.0,0.0,0.42532141773805915,0.5443059733562527,0.5025466893039049,0.31835205992509363,9.678091466168624
103,2018,3,14,19180,62.19500000000001,60.041666666666664,2.2624999999999997,1774.9583333333333,47.465,0.6441666666666667,0.0,0.0,Spring,1,1,0.0,1.0,0.0,0.0,0.8739762465874886,0.6500214868929953,0.5132993774759479,0.4794007490636703,9.861675484721689
104,2018,3,15,6227,55.400000000000006,91.29166666666667,2.0124999999999997,613.7916666666666,52.565,0.061250000000000006,1.125,0.0,Spring,1,1,0.0,1.0,0.0,0.0,0.22372074573581913,0.5721529866781264,0.9377475947934353,0.4044943820224718,8.73681053295389
105,2018,3,16,15277,45.2375,50.041666666666664,1.9000000000000001,1989.5,26.6525,0.8816666666666667,0.0,0.0,Spring,1,1,0.0,1.0,0.0,0.0,0.9941199803999347,0.4556940266437473,0.37747594793435196,0.37078651685393266,9.634169164101305
106,2018,3,17,15389,43.49,47.916666666666664,1.5958333333333332,1659.0416666666667,24.1325,0.7445833333333334,0.0,0.0,Spring,1,1,0.0,1.0,0.0,0.0,0.8090626968756562,0.43566824237215296,0.34861346915676283,0.2796504369538077,9.641473226832925
107,2018,3,18,9609,46.519999999999996,53.833333333333336,1.1708333333333334,845.625,30.17,0.29958333333333337,0.0,0.0,Spring,1,1,0.0,1.0,0.0,0.0,0.3535478451594839,0.47039106145251397,0.42897566496887385,0.15230961298377033,9.170559501964338
108,2018,3,19,8968,46.4375,68.75,2.379166666666667,1316.5,35.9975,0.13875,0.0625,0.0,Spring,1,1,0.0,1.0,0.0,0.0,0.6172387241290804,0.469445638160722,0.631578947368421,0.5143570536828964,9.101529466118004
109,2018,3,20,11515,41.075,40.583333333333336,3.4583333333333335,1996.7916666666667,18.89,0.5983333333333333,0.0,0.0,Spring,1,1,0.0,1.0,0.0,0.0,0.9982033273444245,0.40799312419424155,0.24900962082625921,0.8377028714107366,9.351492651732066
110,2018,3,21,7384,35.8325,59.625,1.75,1783.875,21.814999999999998,0.2554166666666667,0.041666666666666664,0.0,Spring,1,1,0.0,1.0,0.0,0.0,0.8789695965653219,0.34791577137945856,0.5076400679117148,0.32584269662921345,8.90720619496548
111,2018,3,22,14007,40.730000000000004,62.25,2.2291666666666665,1232.875,27.2075,0.8520833333333333,0.0,0.0,Spring,1,1,0.0,1.0,0.0,0.0,0.5704085680285601,0.40403953588311137,0.5432937181663837,0.4694132334581772,9.547383873965687
112,2018,3,23,14969,42.935,57.208333333333336,1.9375,800.0833333333334,27.155,0.795,0.0,0.0,Spring,1,1,0.0,1.0,0.0,0.0,0.3280444268147561,0.42930812204555224,0.47481607243916246,0.38202247191011235,9.613803477413674
113,2018,3,24,12243,45.4625,59.708333333333336,2.2041666666666666,448.25,31.6775,0.6395833333333333,0.0,0.0,Spring,1,1,0.0,1.0,0.0,0.0,0.13101710339034464,0.45827245380318,0.5087719298245614,0.4619225967540574,9.412791300065303
114,2018,3,25,10963,49.325,65.83333333333333,1.7625,264.1666666666667,37.025,0.7966666666666667,0.0,0.0,Spring,1,1,0.0,1.0,0.0,0.0,0.02793009310031035,0.5025354533734423,0.5919637804187888,0.32958801498127344,9.302372457422676
115,2018,3,26,13084,51.44,65.5,1.9916666666666665,460.0,38.0525,0.7941666666666666,0.0,0.0,Spring,1,1,0.0,1.0,0.0,0.0,0.1375971253237511,0.52677266867211,0.5874363327674024,0.3982521847690387,9.479221814964246
116,2018,3,27,14710,55.55,60.25,1.5999999999999999,490.5833333333333,41.3225,0.6658333333333334,0.0,0.0,Spring,1,1,0.0,1.0,0.0,0.0,0.1547238490794969,0.5738719381177482,0.5161290322580645,0.28089887640449435,9.596350792250211
117,2018,3,28,17295,57.14,65.70833333333333,2.1875,871.1666666666666,45.0725,0.5808333333333333,0.0,0.0,Spring,1,1,0.0,1.0,0.0,0.0,0.36785122617075394,0.5920928233777396,0.5902659875495189,0.45692883895131087,9.758230539878989
118,2018,3,29,17450,59.9825,66.79166666666667,1.6958333333333335,539.4166666666666,48.0275,0.6191666666666666,0.0,0.0,Spring,1,1,0.0,1.0,0.0,0.0,0.182070606902023,0.6246669531585733,0.6049801924165252,0.30961298377028723,9.767152232578871
119,2018,3,30,19301,58.4075,55.041666666666664,1.7791666666666668,906.4166666666666,40.3025,0.8337500000000001,0.0,0.0,Spring,1,1,0.0,1.0,0.0,0.0,0.38759129197097325,0.606617963042544,0.44538766270514996,0.33458177278402,9.867963996467081
120,2018,3,31,19247,57.095,54.041666666666664,1.8958333333333333,1230.75,39.095,0.7116666666666666,0.0,0.0,Spring,1,1,0.0,1.0,0.0,0.0,0.5692185640618802,0.591577137945853,0.43180531975099035,0.36953807740324596,9.86516243821446
121,2018,4,1,17388,59.33,68.91666666666667,1.5708333333333335,831.8333333333334,48.8675,0.3020833333333333,0.0,0.0,Spring,1,1,0.0,1.0,0.0,0.0,0.3458244860816203,0.6171895143962183,0.6338426711941144,0.27215980024968794,9.76359310138207
122,2018,4,2,21585,64.78999999999999,65.54166666666667,2.004166666666667,1099.4583333333333,52.182500000000005,0.5891666666666667,0.0,0.0,Spring,1,1,0.0,1.0,0.0,0.0,0.4956949856499522,0.6797593467984528,0.5880022637238258,0.40199750312109866,9.97980023538529
123,2018,4,3,21015,64.32499999999999,70.29166666666667,2.1125000000000003,1157.625,54.1025,0.2866666666666667,0.0,0.0,Spring,1,1,0.0,1.0,0.0,0.0,0.5282684275614252,0.6744305973356252,0.6525183927560838,0.4344569288389514,9.953039331365376
124,2018,4,4,19995,56.7275,70.08333333333333,1.825,1555.75,45.7625,0.8150000000000001,0.775,0.0,Spring,1,1,0.0,1.0,0.0,0.0,0.7512191707305691,0.5873657069187794,0.6496887379739671,0.34831460674157305,9.903287532533462
125,2018,4,5,2596,46.0325,87.33333333333333,1.9875,1145.9583333333333,42.035,0.08958333333333333,0.4166666666666667,0.0,Spring,1,1,0.0,1.0,0.0,0.0,0.5217350724502415,0.464804469273743,0.88398415393322,0.39700374531835214,7.862112211662748
126,2018,4,6,11520,43.347500000000004,74.04166666666667,3.0374999999999996,848.4583333333334,34.8425,0.46625,0.2916666666666667,0.0,Spring,1,1,0.0,1.0,0.0,0.0,0.3551345171150571,0.43403523850451226,0.7034521788341823,0.7116104868913856,9.351926736038054
127,2018,4,7,11159,39.575,46.0,4.0,1597.9583333333333,18.9725,0.7600000000000001,0.008333333333333333,0.0,Spring,1,1,0.0,1.0,0.0,0.0,0.7748559161863873,0.39080360979802325,0.3225806451612903,1.0,9.320091235935301
128,2018,4,8,6666,38.8625,56.958333333333336,1.7333333333333334,1578.9166666666667,23.247500000000002,0.33041666666666664,0.125,0.0,Spring,1,1,0.0,1.0,0.0,0.0,0.7641925473084911,0.3826385904598195,0.47142048670062253,0.3208489388264669,8.80492526261806
129,2018,4,9,19082,45.4625,60.291666666666664,1.05,926.0,28.9025,0.8966666666666666,0.0,0.0,Spring,1,1,0.0,1.0,0.0,0.0,0.39855799519331736,0.45827245380318,0.5166949632144878,0.1161048689138577,9.856553165346915
130,2018,4,10,16696,58.3775,46.958333333333336,3.4333333333333336,1625.4166666666667,37.1225,0.73,0.20833333333333334,0.0,Spring,1,1,0.0,1.0,0.0,0.0,0.7902326341087804,0.6062741727546197,0.33559705715902666,0.8302122347066168,9.722984341548957
131,2018,4,11,0,55.16,53.375,3.0083333333333333,1331.5416666666667,35.8175,1.0358333333333334,0.0,0.0,Spring,1,0,0.0,1.0,0.0,0.0,0.6256620855402851,0.5694026643747314,0.4227504244482173,0.7028714107365792,0.0
132,2018,4,12,22729,55.4525,32.416666666666664,2.5749999999999997,1885.75,23.645,1.0233333333333332,0.0,0.0,Spring,1,1,0.0,1.0,0.0,0.0,0.9360197867326224,0.572754619681994,0.13808715336728916,0.5730337078651685,10.03144091684659
133,2018,4,13,23240,57.724999999999994,22.25,1.4000000000000001,1997.8333333333333,18.47,0.5283333333333333,0.0,0.0,Spring,1,1,0.0,1.0,0.0,0.0,0.9987866626222087,0.5987967339922646,0.0,0.22097378277153562,10.053673239300013
134,2018,4,14,6980,49.2575,75.16666666666667,1.8291666666666666,1388.7916666666667,40.04,0.14541666666666667,0.375,0.0,Spring,1,1,0.0,1.0,0.0,0.0,0.657722192407308,0.5017619252256124,0.7187323146576118,0.34956304619225964,8.850947451970402
135,2018,4,15,10207,48.942499999999995,67.70833333333333,2.3375,1301.125,38.1575,0.7204166666666666,0.0,0.0,Spring,1,1,0.0,1.0,0.0,0.0,0.6086286954289848,0.4981521272024065,0.6174306734578381,0.50187265917603,9.23092700558457
136,2018,4,16,23198,52.572500000000005,43.875,1.5999999999999999,1836.6666666666667,29.240000000000002,1.0329166666666667,0.0,0.0,Spring,1,1,0.0,1.0,0.0,0.0,0.9085330284434282,0.5397507520412549,0.2937181663837012,0.28089887640449435,10.051864453277146
137,2018,4,17,22234,55.05499999999999,36.916666666666664,1.8125,1622.0416666666667,28.16,1.00125,0.0,0.0,Spring,1,1,0.0,1.0,0.0,0.0,0.7883426278087594,0.5681993983669961,0.19920769666100732,0.3445692883895131,10.009422902944797
138,2018,4,18,21670,54.2825,35.416666666666664,1.9416666666666667,1497.7916666666667,25.85,1.0454166666666667,0.0,0.0,Spring,1,1,0.0,1.0,0.0,0.0,0.718762395874653,0.5593467984529437,0.17883418222976794,0.38327091136079905,9.983730240212331
139,2018,4,19,17730,56.817499999999995,37.541666666666664,1.925,1163.2916666666667,29.435,0.9316666666666666,0.0,0.0,Spring,1,1,0.0,1.0,0.0,0.0,0.5314417714725717,0.5883970777825526,0.20769666100735706,0.37827715355805247,9.783069799056989
140,2018,4,20,22593,64.5125,45.791666666666664,1.3208333333333333,789.7083333333334,41.7125,0.945,0.0,0.0,Spring,1,1,0.0,1.0,0.0,0.0,0.3222344074480249,0.6765792866351527,0.3197509903791737,0.1972534332084894,10.025439663286875
141,2018,4,21,24404,65.5925,35.333333333333336,1.8291666666666666,1292.7083333333333,31.7675,1.0891666666666666,0.0,0.0,Spring,1,1,0.0,1.0,0.0,0.0,0.6039153463844878,0.6889557370004298,0.17770232031692137,0.34956304619225964,10.102543308321248
142,2018,4,22,6852,60.86,52.541666666666664,1.0666666666666667,1578.9166666666667,41.825,0.21208333333333332,0.5625,0.0,Spring,1,1,0.0,1.0,0.0,0.0,0.7641925473084911,0.634722819080361,0.41143180531975093,0.12109862671660425,8.832441791585824
143,2018,4,23,977,48.965,93.79166666666667,2.2083333333333335,721.0416666666666,47.15,0.10791666666666666,2.5416666666666665,0.0,Spring,1,1,0.0,1.0,0.0,0.0,0.28378094593648645,0.49840996991834985,0.9717034521788342,0.4631710362047441,6.885509670034818
144,2018,4,24,20144,53.9525,65.20833333333333,1.4124999999999999,1938.4583333333333,41.4275,0.42250000000000004,0.125,0.0,Spring,1,1,0.0,1.0,0.0,0.0,0.965536551788506,0.5555651052857757,0.5834748160724391,0.22471910112359547,9.910711397625448
145,2018,4,25,26285,57.6425,38.791666666666664,1.4708333333333332,1880.3333333333333,30.545,1.0404166666666665,0.0,0.0,Spring,1,1,0.0,1.0,0.0,0.0,0.9329864432881443,0.5978513107004727,0.22467458970005655,0.24219725343320847,10.176791757041954
146,2018,4,26,25670,59.1575,50.083333333333336,1.8708333333333333,1355.6666666666667,38.975,0.91125,0.0,0.0,Spring,1,1,0.0,1.0,0.0,0.0,0.6391721305737686,0.6152127202406532,0.37804187889077534,0.36204744069912614,10.153117229086165
147,2018,4,27,25861,60.035000000000004,51.708333333333336,1.7041666666666666,985.75,41.24,0.9541666666666667,0.0,0.0,Spring,1,1,0.0,1.0,0.0,0.0,0.43201810672702246,0.6252685861624409,0.4001131861912847,0.3121098626716604,10.160529988855798
148,2018,4,28,24940,59.915,50.5,2.025,1153.2083333333333,38.975,1.085,0.0,0.0,Spring,1,1,0.0,1.0,0.0,0.0,0.5257950859836199,0.6238934250107434,0.3837011884550085,0.4082397003745318,10.12426831466115
149,2018,4,29,25349,60.567499999999995,43.125,1.9000000000000001,1252.7083333333333,36.395,1.0208333333333333,0.0,0.0,Spring,1,1,0.0,1.0,0.0,0.0,0.5815152717175723,0.6313708637730984,0.2835314091680815,0.37078651685393266,10.14053400901933
150,2018,4,30,25462,65.9,60.375,1.5875000000000001,495.3333333333333,51.245000000000005,0.8641666666666666,0.0,0.0,Spring,1,1,0.0,1.0,0.0,0.0,0.15738385794619314,0.6924795874516546,0.5178268251273345,0.2771535580524345,10.144981697062931
151,2018,5,1,26820,68.615,72.79166666666667,1.4375,456.4583333333333,59.2175,0.5175,0.0,0.0,Spring,0,1,0.0,1.0,0.0,0.0,0.1356137853792846,0.7235926085088096,0.6864742501414828,0.23220973782771537,10.196940441748334
152,2018,5,2,7448,60.927499999999995,88.95833333333333,1.8583333333333334,490.5,57.462500000000006,0.10291666666666666,0.5,0.0,Spring,1,1,0.0,1.0,0.0,0.0,0.15467718225727423,0.6354963472281908,0.9060554612337294,0.35830212234706615,8.915835074176277
153,2018,5,3,21027,51.83,64.95833333333333,2.783333333333333,1786.2083333333333,39.5,0.5075,0.041666666666666664,0.0,Spring,1,1,0.0,1.0,0.0,0.0,0.8802762675875586,0.5312419424151268,0.5800792303338992,0.6354556803995006,9.953610161939338
154,2018,5,4,26670,56.9075,46.833333333333336,2.6875,1815.7916666666667,35.4875,1.1358333333333335,0.0,0.0,Spring,1,1,0.0,1.0,0.0,0.0,0.8968429894766317,0.5894284486463257,0.3338992642897567,0.6067415730337079,10.191332111786215
155,2018,5,5,25353,63.9125,46.791666666666664,2.725,1848.75,42.2375,0.9275000000000001,0.0,0.0,Spring,1,1,0.0,1.0,0.0,0.0,0.9152997176657256,0.6697034808766652,0.3333333333333333,0.6179775280898877,10.140691787498673
156,2018,5,6,14556,62.45,84.04166666666667,1.0999999999999999,1222.375,57.155,0.3879166666666667,0.9166666666666666,0.0,Spring,1,1,0.0,1.0,0.0,0.0,0.5645285484284948,0.6529437043403524,0.8392756083757782,0.13108614232209734,9.585827256564661
157,2018,5,7,28140,66.185,62.708333333333336,1.2041666666666668,1703.9166666666667,51.3275,0.7374999999999999,0.0,0.0,Spring,1,1,0.0,1.0,0.0,0.0,0.8341927806426022,0.695745595186936,0.5495189586870403,0.16229712858926348,10.24498286663967
158,2018,5,8,26429,63.965,52.083333333333336,1.7041666666666666,1939.1666666666667,45.4025,0.96875,0.0,0.0,Spring,1,1,0.0,1.0,0.0,0.0,0.9659332197773993,0.6703051138805329,0.40520656479909456,0.3121098626716604,10.182255007598334
159,2018,5,9,28895,59.825,50.041666666666664,1.6958333333333335,1958.7916666666667,40.34,1.1154166666666667,0.0,0.0,Spring,1,1,0.0,1.0,0.0,0.0,0.9769232564108548,0.6228620541469704,0.37747594793435196,0.30961298377028723,10.271458456216711
160,2018,5,10,0,59.8475,65.83333333333333,2.254166666666667,1099.9583333333333,47.660000000000004,1.1054166666666667,0.0,0.0,Spring,1,0,0.0,1.0,0.0,0.0,0.4959749865832886,0.6231198968629136,0.5919637804187888,0.4769038701622972,0.0
161,2018,5,11,26649,60.462500000000006,63.5,1.7125000000000001,689.4583333333334,46.917500000000004,0.7791666666666667,0.0,0.0,Spring,1,1,0.0,1.0,0.0,0.0,0.26609422031406776,0.6301675977653632,0.5602716468590832,0.3146067415730338,10.19054442959399
162,2018,5,12,3034,57.5975,85.20833333333333,0.9833333333333334,425.0416666666667,52.535,0.055,1.3125,0.0,Spring,1,1,0.0,1.0,0.0,0.0,0.11802039340131136,0.5973356252685862,0.855121675155631,0.09612983770287144,8.017966703493599
163,2018,5,13,25913,60.71,83.625,1.8083333333333333,683.1666666666666,55.16,0.6820833333333334,0.041666666666666664,0.0,Spring,1,1,0.0,1.0,0.0,0.0,0.2625708752362508,0.6330038676407391,0.833616298811545,0.34332084893882653,10.162538642188757
164,2018,5,14,27793,63.935,72.41666666666667,1.3916666666666666,364.2083333333333,54.02,0.7995833333333334,0.0,0.0,Spring,1,1,0.0,1.0,0.0,0.0,0.0839536131787106,0.6699613235926085,0.681380871533673,0.2184769038701623,10.232575449046527
165,2018,5,15,28478,72.8375,56.458333333333336,1.0791666666666666,790.5833333333334,54.912499999999994,0.8825,0.0,0.0,Spring,1,1,0.0,1.0,0.0,0.0,0.3227244090813637,0.7719810915341643,0.4646293152235428,0.12484394506866416,10.256922252549908
166,2018,5,16,6416,72.3575,90.66666666666667,1.8,466.7916666666667,69.155,0.06666666666666667,1.8541666666666667,0.0,Spring,1,1,0.0,1.0,0.0,0.0,0.14140047133490447,0.7664804469273744,0.9292586304470856,0.34082397003745324,8.766705997750515
167,2018,5,17,3521,70.0475,95.875,1.1666666666666667,750.875,68.66,0.165,3.4375,0.0,Spring,1,1,0.0,1.0,0.0,0.0,0.30048766829222767,0.7400085947571982,1.0,0.15106117353308368,8.166784289056151
168,2018,5,18,16087,62.412499999999994,89.20833333333333,1.3041666666666667,1087.5416666666667,58.94,0.235,0.3125,0.0,Spring,1,1,0.0,1.0,0.0,0.0,0.4890216300721003,0.6525139664804469,0.9094510469722693,0.19225967540574285,9.685828931452487
169,2018,5,19,30994,63.08,47.083333333333336,1.5374999999999999,1996.25,42.47,1.2137499999999999,0.0,0.0,Spring,1,1,0.0,1.0,0.0,0.0,0.9978999929999767,0.6601633003867641,0.33729485002829657,0.26217228464419473,10.34158118013602
170,2018,5,20,27829,62.712500000000006,33.833333333333336,1.3875,2000.0,32.99,0.6008333333333333,0.0,0.0,Spring,1,1,0.0,1.0,0.0,0.0,1.0,0.6559518693596906,0.157328805885682,0.21722846441947566,10.233869854519936
171,2018,5,21,31236,63.837500000000006,31.458333333333332,1.4375,1861.6666666666667,38.1425,1.0245833333333334,0.0,0.0,Spring,1,1,0.0,1.0,0.0,0.0,0.9225330751102504,0.6688440051568544,0.1250707413695529,0.23220973782771537,10.349358568612542
172,2018,5,22,13790,64.7525,60.458333333333336,1.0541666666666667,1153.0416666666667,55.115,0.4529166666666667,0.375,0.0,Spring,0,1,0.0,1.0,0.0,0.0,0.5257017523391746,0.6793296089385474,0.5189586870401811,0.11735330836454434,9.531771484474337
173,2018,5,23,27674,63.417500000000004,62.0,2.6999999999999997,1652.75,48.0575,1.2166666666666666,0.4166666666666667,0.0,Spring,1,1,0.0,1.0,0.0,0.0,0.8055393517978393,0.6640309411259132,0.5398981324278438,0.6104868913857677,10.228284757576837
174,2018,5,24,28781,64.32499999999999,47.083333333333336,2.2583333333333333,1603.2083333333333,42.59,1.1258333333333332,0.0,0.0,Spring,1,1,0.0,1.0,0.0,0.0,0.7777959259864199,0.6744305973356252,0.33729485002829657,0.4781523096129838,10.26750547073012
175,2018,5,25,29057,67.5575,47.291666666666664,1.7625,1318.625,44.5475,1.0616666666666668,0.0,0.0,Spring,1,1,0.0,1.0,0.0,0.0,0.6184287280957603,0.7114740008594758,0.3401245048104131,0.32958801498127344,10.277049111631284
176,2018,5,26,28079,70.6625,50.25,1.4166666666666667,1147.6666666666667,49.625,1.1191666666666666,0.0,0.0,Spring,1,1,0.0,1.0,0.0,0.0,0.5226917423058077,0.7470562956596476,0.38030560271646857,0.22596754057428217,10.242812858139747
177,2018,5,27,28991,69.0575,42.125,1.925,1557.75,45.417500000000004,0.7133333333333334,0.0,0.0,Spring,1,1,0.0,1.0,0.0,0.0,0.7523391744639149,0.7286635152556941,0.2699490662139219,0.37827715355805247,10.274775208842707
178,2018,5,28,31020,71.5475,40.0,1.5458333333333334,1658.6666666666667,51.53,1.10375,0.0,0.0,Spring,1,1,0.0,1.0,0.0,0.0,0.8088526961756539,0.7571981091534165,0.24108658743633277,0.2646691635455681,10.3424196734772
179,2018,5,29,24355,70.7675,66.41666666666667,1.8708333333333333,1123.0416666666667,56.1275,0.5558333333333333,0.041666666666666664,0.0,Spring,1,1,0.0,1.0,0.0,0.0,0.5089016963389879,0.7482595616673829,0.5998868138087154,0.36204744069912614,10.100533504728464
180,2018,5,30,30372,68.9675,69.75,1.7750000000000001,945.9166666666666,57.89,0.9029166666666666,0.0,0.0,Spring,1,1,0.0,1.0,0.0,0.0,0.40971136570455235,0.7276321443919209,0.6451612903225806,0.3333333333333334,10.321309334853664
181,2018,5,31,31681,68.94500000000001,61.208333333333336,1.9416666666666667,1246.2083333333333,52.685,1.1225,0.0,0.0,Spring,1,1,0.0,1.0,0.0,0.0,0.5778752595841986,0.7273743016759777,0.5291454442558008,0.38327091136079905,10.363503975248795
182,2018,6,1,31928,74.675,50.125,1.9541666666666666,1598.1666666666667,53.3525,1.1641666666666668,0.0,0.0,Summer,1,1,0.0,0.0,1.0,0.0,0.7749725832419442,0.7930382466695316,0.37860780984719866,0.3870162297128589,10.371269966709153
183,2018,6,2,30693,74.32249999999999,43.875,1.9416666666666667,1570.7083333333333,48.305,1.1870833333333333,0.0,0.0,Summer,1,1,0.0,0.0,1.0,0.0,0.759595865319551,0.7889987107864201,0.2937181663837012,0.38327091136079905,10.33182247473504
184,2018,6,3,29761,74.6825,41.166666666666664,1.6916666666666667,1834.8333333333333,47.5325,1.1325,0.0,0.0,Summer,1,1,0.0,0.0,1.0,0.0,0.9075063583545278,0.7931241942415127,0.2569326542161856,0.30836454431960053,10.300987690989995
185,2018,6,4,33257,73.19,47.666666666666664,1.7583333333333335,1670.5833333333333,51.515,0.8804166666666666,0.0,0.0,Summer,1,1,0.0,0.0,1.0,0.0,0.8155260517535058,0.7760206274172754,0.34521788341822296,0.32833957553058685,10.412050618647859
186,2018,6,5,33424,74.42,52.208333333333336,1.7291666666666667,1398.2083333333333,54.5225,1.0145833333333334,0.0,0.0,Summer,1,1,0.0,0.0,1.0,0.0,0.6629955433184777,0.7901160292221745,0.40690435766836447,0.31960049937578033,10.417059401970144
187,2018,6,6,30498,73.565,60.375,2.0875,1029.75,58.52,1.1083333333333332,0.0,0.0,Summer,0,1,0.0,0.0,1.0,0.0,0.4566581888606296,0.7803180060163301,0.5178268251273345,0.4269662921348314,10.325449175172755
188,2018,6,7,32002,72.1325,69.29166666666667,1.9416666666666667,673.9166666666666,60.447500000000005,1.0016666666666667,0.0,0.0,Summer,1,1,0.0,0.0,1.0,0.0,0.2573908579695266,0.7639020197679415,0.6389360498019242,0.38327091136079905,10.373584927387608
189,2018,6,8,35103,71.13499999999999,68.45833333333333,2.0625,1055.625,59.615,0.7716666666666666,0.0,0.0,Summer,1,1,0.0,0.0,1.0,0.0,0.4711482371607906,0.7524709926944563,0.6276174306734578,0.4194756554307116,10.466070363074957
190,2018,6,9,25911,74.63,61.291666666666664,1.3833333333333335,1225.0,58.955,0.8433333333333333,0.020833333333333332,0.0,Summer,1,1,0.0,0.0,1.0,0.0,0.5659985533285111,0.792522561237645,0.5302773061686474,0.2159800249687891,10.162461460851166
191,2018,6,10,29342,70.3475,60.125,1.3791666666666667,1997.0,55.4225,0.5341666666666667,0.020833333333333332,0.0,Summer,1,1,0.0,0.0,1.0,0.0,0.9983199943999813,0.7434464976364418,0.5144312393887945,0.21473158551810237,10.286809295958603
192,2018,6,11,24832,69.005,63.375,1.4208333333333334,1912.7916666666667,55.4075,0.4695833333333333,0.16666666666666666,0.0,Summer,1,1,0.0,0.0,1.0,0.0,0.9511631705439019,0.7280618822518263,0.5585738539898133,0.22721598002496882,10.119928692790662
193,2018,6,12,34544,70.1225,66.25,1.6624999999999999,1975.875,57.29,0.9770833333333333,0.041666666666666664,0.0,Summer,1,1,0.0,0.0,1.0,0.0,0.9864899549665166,0.7408680704770091,0.597623089983022,0.29962546816479396,10.450018100922895
194,2018,6,13,36149,71.555,63.708333333333336,1.4583333333333333,1475.2916666666667,58.16,0.65625,0.0,0.0,Summer,1,1,0.0,0.0,1.0,0.0,0.706162353874513,0.7572840567253976,0.5631013016411998,0.23845193508114856,10.49543222758691
195,2018,6,14,23818,70.9775,74.375,1.1083333333333334,1117.7083333333333,61.917500000000004,0.43083333333333335,1.2083333333333333,0.0,Summer,1,1,0.0,0.0,1.0,0.0,0.5059150197167324,0.7506660936828535,0.7079796264855688,0.13358302122347068,10.078238860499914
196,2018,6,15,33492,71.345,60.75,1.4041666666666668,1859.9583333333333,56.067499999999995,0.985,0.6875,0.0,Summer,1,1,0.0,0.0,1.0,0.0,0.9215764052546841,0.754877524709927,0.5229202037351444,0.22222222222222227,10.419091740755093
197,2018,6,16,34360,72.14,54.125,1.4749999999999999,1880.8333333333333,53.96,1.1691666666666667,0.0,0.0,Summer,1,1,0.0,0.0,1.0,0.0,0.9332664442214806,0.7639879673399227,0.432937181663837,0.24344569288389512,10.444677479283538
198,2018,6,17,32487,72.92,67.125,1.425,812.7083333333334,60.8375,0.6158333333333333,0.0,0.0,Summer,1,1,0.0,0.0,1.0,0.0,0.33511445038150134,0.7729265148259562,0.6095076400679117,0.22846441947565546,10.388626069366135
199,2018,6,18,27541,76.64,55.875,1.5333333333333332,1225.1666666666667,58.2275,1.0904166666666668,0.0,0.0,Summer,1,1,0.0,0.0,1.0,0.0,0.5660918869729566,0.8155565105285776,0.4567062818336163,0.2609238451935081,10.223467391287071
200,2018,6,19,35349,72.665,61.166666666666664,1.7541666666666667,1209.75,57.9275,0.7354166666666666,0.0,0.0,Summer,1,1,0.0,0.0,1.0,0.0,0.5574585248617496,0.7700042973785991,0.5285795132993775,0.32709113607990015,10.473053671324719
201,2018,6,20,34639,72.8525,67.25,2.4875000000000003,859.9166666666666,60.635000000000005,1.0216666666666667,0.0,0.0,Summer,1,1,0.0,0.0,1.0,0.0,0.3615512051706839,0.7721529866781264,0.6112054329371817,0.5468164794007492,10.45276436267637
202,2018,6,21,34621,74.555,60.958333333333336,2.154166666666667,1155.6666666666667,58.917500000000004,1.1754166666666668,0.0,0.0,Summer,1,1,0.0,0.0,1.0,0.0,0.5271717572391909,0.7916630855178343,0.525749858517261,0.44694132334581776,10.452244597136675
203,2018,6,22,34079,76.4375,47.916666666666664,1.7291666666666667,1303.2916666666667,52.07,1.1416666666666666,0.0,0.0,Summer,1,1,0.0,0.0,1.0,0.0,0.6098420328067761,0.8132359260850881,0.34861346915676283,0.31960049937578033,10.436465980943252
204,2018,6,23,31949,76.2275,47.583333333333336,1.9416666666666667,1530.0833333333333,53.9525,0.9245833333333334,0.0,0.0,Summer,1,1,0.0,0.0,1.0,0.0,0.7368457894859649,0.8108293940696176,0.34408602150537637,0.38327091136079905,10.371927459805681
205,2018,6,24,27028,77.26249999999999,62.125,1.9041666666666668,865.25,61.04,1.0708333333333333,0.0,0.0,Summer,1,1,0.0,0.0,1.0,0.0,0.36453788179293933,0.822690159003008,0.5415959252971138,0.37203495630461925,10.20466564265568
206,2018,6,25,32702,80.0975,58.458333333333336,1.1458333333333333,896.8333333333334,62.682500000000005,0.8516666666666667,0.0,0.0,Summer,1,1,0.0,0.0,1.0,0.0,0.38222460741535813,0.8551783412118608,0.49179400113186195,0.14481897627965043,10.395222095796468
207,2018,6,26,5200,73.2275,84.125,2.225,453.7083333333333,67.265,0.05375,2.9791666666666665,0.0,Summer,1,1,0.0,0.0,1.0,0.0,0.13407378024593417,0.776450365277181,0.8404074702886248,0.46816479400749067,8.556606193773073
208,2018,6,27,29755,71.9375,83.0,1.9625000000000001,618.0,66.0725,0.5650000000000001,0.041666666666666664,0.0,Summer,1,1,0.0,0.0,1.0,0.0,0.22607742025806757,0.7616673828964332,0.8251273344651953,0.3895131086142323,10.300786071311231
209,2018,6,28,21647,74.0975,83.45833333333333,1.1666666666666667,973.3333333333334,68.405,0.3879166666666667,1.1041666666666667,0.0,Summer,1,1,0.0,0.0,1.0,0.0,0.4250647502158341,0.7864202836269875,0.8313525749858517,0.15106117353308368,9.982668350410568
210,2018,6,29,30297,76.3925,79.25,1.4749999999999999,563.875,68.795,0.7829166666666666,0.2708333333333333,0.0,Summer,1,1,0.0,0.0,1.0,0.0,0.19576731922439744,0.8127202406532016,0.7741935483870968,0.24344569288389512,10.318836982718269
211,2018,6,30,20479,75.83,83.08333333333333,0.9125,603.5,70.08500000000001,0.365,0.6041666666666666,0.0,Summer,1,1,0.0,0.0,1.0,0.0,0.21795739319131066,0.8062741727546197,0.8262591963780418,0.0749063670411985,9.927204079153444
212,2018,7,1,3231,71.64500000000001,93.45833333333333,0.7833333333333333,933.7916666666666,69.5,0.08708333333333333,3.375,0.0,Summer,1,1,0.0,0.0,1.0,0.0,0.4029213430711436,0.7583154275891707,0.9671760045274476,0.036204744069912614,8.080856419640986
213,2018,7,2,5240,72.3875,95.41666666666667,0.7958333333333334,1055.4583333333333,70.85,0.19708333333333336,2.5625,0.0,Summer,1,1,0.0,0.0,1.0,0.0,0.47105490351634505,0.7668242372152987,0.9937747594793436,0.03995006242197256,8.564267598802166
214,2018,7,3,29293,80.81,75.5,0.7833333333333333,1792.4583333333333,71.3825,0.9533333333333333,0.024999999999999998,0.0,Summer,1,1,0.0,0.0,1.0,0.0,0.8837762792542642,0.8633433605500644,0.7232597623089984,0.036204744069912614,10.285137995878252
215,2018,7,4,31781,81.4325,69.33333333333333,1.6583333333333332,1868.4166666666667,69.98750000000001,0.9345833333333333,0.0,0.0,Summer,1,1,0.0,0.0,1.0,0.0,0.9263130877102924,0.8704770090244951,0.6395019807583474,0.2983770287141073,10.366655370772582
216,2018,7,5,28182,77.705,74.70833333333333,1.1958333333333333,1377.5416666666667,68.78,0.4533333333333333,0.020833333333333332,0.0,Summer,1,1,0.0,0.0,1.0,0.0,0.651422171407238,0.8277610657498926,0.7125070741369552,0.15980024968789014,10.246474238267561
217,2018,7,6,33676,75.3125,58.416666666666664,1.8499999999999999,2000.0,59.480000000000004,0.6595833333333333,0.0,0.0,Summer,1,1,0.0,0.0,1.0,0.0,1.0,0.8003437902879244,0.49122807017543857,0.3558052434456929,10.424570390754766
218,2018,7,7,31076,74.77250000000001,51.75,1.575,1996.7916666666667,55.4975,1.1383333333333334,0.0,0.0,Summer,1,1,0.0,0.0,1.0,0.0,0.9982033273444245,0.7941555651052858,0.400679117147708,0.27340823970037453,10.344223274726211
219,2018,7,8,30080,73.4075,50.583333333333336,1.5208333333333333,1989.5416666666667,53.6075,0.9991666666666666,0.0,0.0,Summer,1,1,0.0,0.0,1.0,0.0,0.994143313811046,0.7785131070047271,0.38483305036785515,0.2571785268414482,10.311649022192036
220,2018,7,9,6191,69.8375,79.625,1.0875000000000001,1718.4583333333333,62.765,0.16666666666666666,0.3541666666666667,0.0,Summer,1,1,0.0,0.0,1.0,0.0,0.8423361411204704,0.7376020627417276,0.7792869269949066,0.12734082397003751,8.731013415269564
221,2018,7,10,20641,74.01500000000001,87.16666666666667,0.6625,1466.0416666666667,69.71000000000001,0.24666666666666667,0.8958333333333334,0.0,Summer,1,1,0.0,0.0,1.0,0.0,0.7009823366077887,0.7854748603351958,0.881720430107527,0.0,9.935083114125879
222,2018,7,11,24135,79.9175,84.0,1.3125,1017.625,74.2325,0.3641666666666667,0.14583333333333334,0.0,Summer,1,1,0.0,0.0,1.0,0.0,0.4498681662272208,0.8531155994843146,0.8387096774193549,0.1947565543071161,10.091459780838896
223,2018,7,12,29428,80.19500000000001,81.41666666666667,1.5374999999999999,1369.375,73.8125,0.41333333333333333,0.041666666666666664,0.0,Summer,1,1,0.0,0.0,1.0,0.0,0.6468488228294094,0.856295659647615,0.8036219581211093,0.26217228464419473,10.28973586171716
224,2018,7,13,30088,80.9,75.83333333333333,1.8541666666666667,1591.9583333333333,72.19999999999999,0.65,0.0,0.0,Summer,1,1,0.0,0.0,1.0,0.0,0.7714959049863499,0.8643747314138376,0.7277872099603848,0.3570536828963796,10.311914935439406
225,2018,7,14,25814,82.2425,70.16666666666667,1.8291666666666666,1624.375,70.9925,0.8962500000000001,0.0,0.0,Summer,1,1,0.0,0.0,1.0,0.0,0.7896492988309961,0.879759346798453,0.6508205998868138,0.34956304619225964,10.158710997313749
226,2018,7,15,22790,82.88,69.91666666666667,1.6333333333333335,1604.4583333333333,71.3675,0.9545833333333333,0.0,0.0,Summer,1,1,0.0,0.0,1.0,0.0,0.778495928319761,0.8870648904168457,0.647425014148274,0.29088639200998756,10.034121000171332
227,2018,7,16,26823,83.705,64.33333333333333,1.7166666666666668,1722.25,69.38749999999999,1.1112499999999998,0.0,0.0,Summer,1,1,0.0,0.0,1.0,0.0,0.8444594815316051,0.8965191233347658,0.5715902659875495,0.31585518102372034,10.197052288146065
228,2018,7,17,28435,82.55,65.41666666666667,1.7458333333333333,1398.5,69.17,1.0654166666666667,0.0,0.0,Summer,1,1,0.0,0.0,1.0,0.0,0.6631588771962573,0.8832831972496776,0.5863044708545558,0.3245942571785269,10.255411227049374
229,2018,7,18,27896,82.82,65.20833333333333,1.4000000000000001,1003.4166666666666,69.065,1.0475,0.0,0.0,Summer,1,1,0.0,0.0,1.0,0.0,0.44191147303824346,0.8863773098409969,0.5834748160724391,0.22097378277153562,10.236274435146306
230,2018,7,19,27820,83.405,64.25,1.7208333333333332,1330.7916666666667,68.9825,1.1583333333333334,0.0,0.0,Summer,1,1,0.0,0.0,1.0,0.0,0.6252420841402805,0.8930812204555222,0.5704584040747029,0.31710362047440693,10.233546410194464
231,2018,7,20,26699,84.92750000000001,63.416666666666664,1.4291666666666665,1336.2916666666667,70.1075,1.0720833333333333,0.0,0.0,Summer,1,1,0.0,0.0,1.0,0.0,0.6283220944069814,0.9105285775676838,0.5591397849462365,0.22971285892634202,10.19241884438834
232,2018,7,21,21283,86.95250000000001,55.25,1.4708333333333332,1586.3333333333333,67.46000000000001,1.1091666666666666,0.0,0.0,Summer,1,1,0.0,0.0,1.0,0.0,0.7683458944863149,0.9337344220025786,0.44821731748726656,0.24219725343320847,9.96571089571626
233,2018,7,22,18563,88.78999999999999,50.916666666666664,1.3958333333333333,1874.2916666666667,67.025,1.0629166666666667,0.0,0.0,Summer,1,1,0.0,0.0,1.0,0.0,0.9296030986769956,0.9547915771379458,0.3893604980192416,0.21972534332084892,9.828979500361067
234,2018,7,23,24890,88.91,52.833333333333336,1.8916666666666666,1893.25,69.23750000000001,0.7891666666666667,0.0,0.0,Summer,1,1,0.0,0.0,1.0,0.0,0.9402198007326691,0.9561667382896433,0.41539332201471424,0.36828963795255926,10.122261571332395
235,2018,7,24,24635,88.58,58.5,1.5250000000000001,1663.7083333333333,71.705,0.7675000000000001,0.0,0.0,Summer,1,1,0.0,0.0,1.0,0.0,0.8116760389201297,0.9523850451224752,0.4923599320882852,0.2584269662921349,10.111964066806934
236,2018,7,25,25918,86.525,65.16666666666667,2.4541666666666666,1490.625,73.08500000000001,0.5983333333333333,0.0,0.0,Summer,1,1,0.0,0.0,1.0,0.0,0.7147490491634972,0.9288354103996563,0.5829088851160159,0.5368289637952559,10.16273156947506
237,2018,7,26,24915,85.9925,68.91666666666667,1.4375,1090.6666666666667,74.2325,0.50875,0.0,0.0,Summer,1,1,0.0,0.0,1.0,0.0,0.4907716359054531,0.9227331327889988,0.6338426711941144,0.23220973782771537,10.123265446374036
238,2018,7,27,23275,87.3725,69.45833333333333,1.7125000000000001,954.0833333333334,75.56,0.80375,0.0,0.0,Summer,1,1,0.0,0.0,1.0,0.0,0.414284714282381,0.9385474860335196,0.6411997736276174,0.3146067415730338,10.05517806577656
239,2018,7,28,16880,85.67750000000001,76.29166666666667,1.2416666666666667,1015.9166666666666,77.0675,0.39958333333333335,0.3125,0.0,Summer,1,1,0.0,0.0,1.0,0.0,0.4489114963716546,0.919123334765793,0.7340124504810414,0.1735330836454432,9.733944008101389
240,2018,7,29,18190,88.205,53.666666666666664,1.2458333333333333,1934.375,68.03,0.9304166666666668,0.0,0.0,Summer,1,1,0.0,0.0,1.0,0.0,0.9632498774995917,0.9480876665234207,0.4267119411431805,0.17478152309612985,9.808682245262217
241,2018,7,30,23695,88.8125,50.333333333333336,1.2291666666666667,1998.3333333333333,67.4975,0.82,0.0,0.0,Summer,1,1,0.0,0.0,1.0,0.0,0.9990666635555452,0.9550494198538891,0.38143746462931527,0.1697877652933833,10.07306153650758
242,2018,7,31,22897,90.545,49.625,1.3833333333333335,1993.7916666666667,68.39,1.0208333333333333,0.0,0.0,Summer,1,1,0.0,0.0,1.0,0.0,0.9965233217444058,0.9749033089815213,0.37181663837011886,0.2159800249687891,10.038804849483757
243,2018,8,1,20712,92.1725,55.791666666666664,1.6833333333333333,1853.4583333333333,73.0925,1.0704166666666666,0.0,0.0,Summer,1,1,0.0,0.0,1.0,0.0,0.9179363931213104,0.9935539321014182,0.45557441992076964,0.30586766541822724,9.938516801455522
244,2018,8,2,20693,92.735,53.416666666666664,1.5374999999999999,1699.375,72.725,0.7741666666666666,0.0,0.0,Summer,1,1,0.0,0.0,1.0,0.0,0.8316494388314628,1.0,0.4233163554046406,0.26217228464419473,9.937599082164896
245,2018,8,3,20794,91.7825,56.125,1.7916666666666667,1509.8333333333333,73.265,0.87875,0.0,0.0,Summer,1,1,0.0,0.0,1.0,0.0,0.7255057516858389,0.9890846583584013,0.4601018675721562,0.33832709113607995,9.942467852177012
246,2018,8,4,18363,88.1525,59.041666666666664,2.4541666666666666,1803.4583333333333,71.69,0.8520833333333333,0.0,0.0,Summer,1,1,0.0,0.0,1.0,0.0,0.8899362997876659,0.9474860335195531,0.4997170345217883,0.5368289637952559,9.818147505369113
247,2018,8,5,17415,85.69999999999999,73.20833333333333,2.654166666666667,1408.5416666666667,75.5975,0.8591666666666667,0.08333333333333333,0.0,Summer,1,1,0.0,0.0,1.0,0.0,0.6687822292740976,0.919381177481736,0.6921335597057159,0.5967540574282147,9.765144602914383
248,2018,8,6,19171,87.305,71.70833333333333,1.6041666666666667,1292.25,76.5425,0.7441666666666666,0.2708333333333333,0.0,Summer,1,1,0.0,0.0,1.0,0.0,0.6036586788622629,0.9377739578856898,0.6717600452744764,0.28214731585518105,9.861206160279522
249,2018,8,7,23806,86.93,62.458333333333336,1.425,1881.7083333333333,72.0575,0.6508333333333334,0.0,0.0,Summer,1,1,0.0,0.0,1.0,0.0,0.9337564458548194,0.9334765792866352,0.5461233729485003,0.22846441947565546,10.077734934062509
250,2018,8,8,23880,87.6575,65.79166666666667,1.9333333333333333,1560.2083333333333,73.70750000000001,0.8579166666666667,0.0,0.0,Summer,1,1,0.0,0.0,1.0,0.0,0.7537158457194857,0.9418134937688011,0.5913978494623656,0.38077403245942576,10.080838442676662
251,2018,8,9,21644,84.14000000000001,76.16666666666667,1.6624999999999999,1559.7083333333333,75.59,0.46291666666666664,0.08333333333333333,0.0,Summer,1,1,0.0,0.0,1.0,0.0,0.7534358447861492,0.9015040825096693,0.7323146576117714,0.29962546816479396,9.982529759876082
252,2018,8,10,23833,87.04249999999999,61.666666666666664,1.3125,1766.1666666666667,71.0375,0.9104166666666665,0.0,0.0,Summer,1,1,0.0,0.0,1.0,0.0,0.8690528968429895,0.9347657928663514,0.5353706847764572,0.1947565543071161,10.07886841165075
253,2018,8,11,20009,87.94999999999999,55.083333333333336,1.6083333333333334,1986.875,69.035,0.8904166666666667,0.0,0.0,Summer,1,1,0.0,0.0,1.0,0.0,0.9926499754999183,0.9451654490760635,0.44595359366157333,0.2833957553058677,9.903987427577778
254,2018,8,12,17498,87.245,59.625,1.5041666666666667,1846.7083333333333,70.7375,0.7595833333333334,0.20833333333333334,0.0,Summer,1,1,0.0,0.0,1.0,0.0,0.9141563805212684,0.937086377309841,0.5076400679117148,0.25218476903870163,9.769899015421748
255,2018,8,13,22827,86.4875,69.375,1.425,1361.9166666666667,74.5475,0.5120833333333333,0.041666666666666664,0.0,Summer,1,1,0.0,0.0,1.0,0.0,0.6426721422404742,0.9284056725397507,0.6400679117147708,0.22846441947565546,10.035743131656599
256,2018,8,14,23836,88.7,58.708333333333336,1.3916666666666666,1952.9583333333333,71.63749999999999,0.7654166666666667,0.0,0.0,Summer,1,1,0.0,0.0,1.0,0.0,0.9736565788552628,0.9537602062741728,0.4951895868704018,0.2184769038701623,10.078994274334729
257,2018,8,15,18565,88.78999999999999,59.75,1.1166666666666667,1909.2916666666667,72.0125,0.7670833333333333,0.041666666666666664,0.0,Summer,0,1,0.0,0.0,1.0,0.0,0.9492031640105467,0.9547915771379458,0.5093378607809848,0.13607990012484397,9.829087229959878
258,2018,8,16,25329,86.2775,53.166666666666664,1.6291666666666667,1996.125,66.2675,1.0366666666666666,0.0,0.0,Summer,1,1,0.0,0.0,1.0,0.0,0.9978299927666425,0.9259991405242802,0.4199207696661007,0.28963795255930086,10.13974474299572
259,2018,8,17,28820,80.75,39.833333333333336,1.8041666666666665,1986.2083333333333,53.0,1.0929166666666668,0.0,0.0,Summer,1,1,0.0,0.0,1.0,0.0,0.9922766409221364,0.8626557799742157,0.23882286361063954,0.34207240948813983,10.268859567077849
260,2018,8,18,26398,79.7825,44.541666666666664,1.4041666666666668,1982.4583333333333,55.46,0.9695833333333334,0.0,0.0,Summer,1,1,0.0,0.0,1.0,0.0,0.9901766339221131,0.8515685431886549,0.3027730616864742,0.22222222222222227,10.18108140962911
261,2018,8,19,24547,82.1525,50.583333333333336,1.2249999999999999,1982.0416666666667,60.9575,0.8245833333333333,0.0,0.0,Summer,1,1,0.0,0.0,1.0,0.0,0.9899432998109994,0.8787279759346799,0.38483305036785515,0.1685393258426966,10.108385663508988
262,2018,8,20,26827,84.1175,55.791666666666664,1.9749999999999999,1781.6666666666667,66.14,0.6279166666666667,0.0,0.0,Summer,1,1,0.0,0.0,1.0,0.0,0.8777329257764193,0.9012462397937259,0.45557441992076964,0.39325842696629215,10.197201397219628
263,2018,8,21,25133,80.19500000000001,70.16666666666667,2.7583333333333333,1746.375,69.05,0.5358333333333333,0.20833333333333334,0.0,Summer,1,1,0.0,0.0,1.0,0.0,0.8579695265650885,0.856295659647615,0.6508205998868138,0.6279650436953808,10.13197679017509
264,2018,8,22,26072,86.39000000000001,56.75,1.1458333333333333,1962.7916666666667,67.655,0.9279166666666666,0.0,0.0,Summer,1,1,0.0,0.0,1.0,0.0,0.9791632638775463,0.9272883541039968,0.4685908319185059,0.14481897627965043,10.16865557510557
265,2018,8,23,15958,85.28,58.25,1.6624999999999999,1980.0833333333333,68.555,0.3875,0.10416666666666667,0.0,Summer,1,1,0.0,0.0,1.0,0.0,0.9888466294887649,0.914568113450795,0.48896434634974534,0.29962546816479396,9.677778212399186
266,2018,8,24,11658,76.34,84.58333333333333,2.4291666666666667,1768.1666666666667,71.1725,0.2370833333333333,0.3333333333333333,0.0,Summer,1,1,0.0,0.0,1.0,0.0,0.8701729005763353,0.812118607649334,0.8466327108092812,0.529338327091136,9.36383369293329
267,2018,8,25,27302,77.39000000000001,68.79166666666667,2.5541666666666667,1799.625,65.855,0.6754166666666667,0.0,0.0,Summer,1,1,0.0,0.0,1.0,0.0,0.8877896259654199,0.8241512677266869,0.6321448783248445,0.5667915106117354,10.214751865245466
268,2018,8,26,19310,73.955,70.16666666666667,1.3,1769.875,62.9075,0.5641666666666666,0.08333333333333333,0.0,Summer,1,1,0.0,0.0,1.0,0.0,0.8711295704319014,0.7847872797593468,0.6508205998868138,0.1910112359550562,9.868430160720726
269,2018,8,27,14435,72.36500000000001,91.0,0.8624999999999999,1201.625,69.4325,0.32666666666666666,0.8125,0.0,Summer,1,1,0.0,0.0,1.0,0.0,0.5529085096950324,0.7665663944993555,0.933786078098472,0.05992509363295879,9.577480365762678
270,2018,8,28,9092,74.87,91.875,0.9874999999999999,1394.5833333333333,72.155,0.18416666666666667,3.9791666666666665,0.0,Summer,1,1,0.0,0.0,1.0,0.0,0.6609655365517885,0.79527288354104,0.9456706281833617,0.09737827715355804,9.115260165725912
271,2018,8,29,9184,77.02250000000001,86.58333333333333,2.433333333333333,1642.4166666666667,72.41749999999999,0.11458333333333333,1.7916666666666667,0.0,Summer,1,1,0.0,0.0,1.0,0.0,0.7997526658422195,0.8199398366996133,0.8737973967176004,0.5305867665418227,9.125326997649227
272,2018,8,30,20959,77.81,81.70833333333333,1.8375000000000001,1124.8333333333333,71.3675,0.3641666666666667,0.3958333333333333,0.0,Summer,1,1,0.0,0.0,1.0,0.0,0.5099050330167767,0.8289643317576278,0.8075834748160724,0.35205992509363304,9.950371138434978
273,2018,8,31,27817,78.005,67.16666666666667,1.5999999999999999,1609.0,65.285,0.9237500000000001,0.004166666666666667,0.0,Summer,1,1,0.0,0.0,1.0,0.0,0.7810392701309005,0.8311989686291362,0.6100735710243351,0.28089887640449435,10.233438572167076
274,2018,9,1,26010,77.8175,61.208333333333336,1.2083333333333333,1839.0833333333333,62.105000000000004,0.8754166666666667,0.0,0.0,Autumn,1,1,1.0,0.0,0.0,0.0,0.9098863662878875,0.829050279329609,0.5291454442558008,0.16354556803995005,10.16627480445489
275,2018,9,2,26881,76.97749999999999,54.541666666666664,1.5041666666666667,1994.0416666666667,58.8575,0.8475,0.0,0.0,Autumn,1,1,1.0,0.0,0.0,0.0,0.9966633222110741,0.8194241512677266,0.43859649122807015,0.25218476903870163,10.199212196631093
276,2018,9,3,10802,74.48750000000001,82.25,1.0625,1504.4166666666667,68.315,0.14,1.4375,0.0,Autumn,1,1,1.0,0.0,0.0,0.0,0.7224724082413608,0.7908895573700044,0.8149405772495756,0.11985018726591762,9.287579152316985
277,2018,9,4,29529,73.8575,71.625,2.1666666666666665,1455.125,62.855000000000004,0.9016666666666667,0.0,0.0,Autumn,1,1,1.0,0.0,0.0,0.0,0.6948689828966096,0.7836699613235927,0.6706281833616299,0.4506866416978776,10.293161974737968
278,2018,9,5,31114,74.9075,61.791666666666664,2.504166666666667,1954.1666666666667,59.795,0.9358333333333334,0.0,0.0,Autumn,1,1,1.0,0.0,0.0,0.0,0.9743332477774926,0.7957026214009454,0.5370684776457272,0.5518102372034956,10.345445297003318
279,2018,9,6,27838,75.65,70.79166666666667,1.8958333333333333,1635.25,64.8725,0.4595833333333333,0.0,0.0,Autumn,1,1,1.0,0.0,0.0,0.0,0.7957393191310638,0.8042114310270736,0.6593095642331637,0.36953807740324596,10.234193194263003
280,2018,9,7,30381,71.88499999999999,56.875,2.4791666666666665,1848.7083333333333,54.7625,0.8158333333333333,0.0625,0.0,Autumn,1,1,1.0,0.0,0.0,0.0,0.9152763842546141,0.7610657498925655,0.4702886247877759,0.5443196004993758,10.321605606767609
281,2018,9,8,29813,71.045,48.666666666666664,1.6666666666666667,1982.125,49.6475,0.9479166666666666,0.0,0.0,Autumn,1,1,1.0,0.0,0.0,0.0,0.9899899666332221,0.7514396218306834,0.3588002263723825,0.3008739076154807,10.302733360830375
282,2018,9,9,28354,71.525,49.458333333333336,1.2333333333333334,1997.1666666666667,50.472500000000004,0.8916666666666666,0.0,0.0,Autumn,1,1,1.0,0.0,0.0,0.0,0.9984133280444268,0.7569402664374733,0.3695529145444256,0.17103620474406994,10.252558660448129
283,2018,9,10,30781,73.30250000000001,50.083333333333336,1.5625,1996.9583333333333,52.9775,0.8266666666666667,0.0,0.0,Autumn,1,1,1.0,0.0,0.0,0.0,0.9982966609888699,0.777309840996992,0.37804187889077534,0.2696629213483146,10.334685382539899
284,2018,9,11,31694,70.82,47.958333333333336,1.4749999999999999,1998.5416666666667,49.7825,0.74375,0.0,0.0,Autumn,1,1,1.0,0.0,0.0,0.0,0.9991833306111021,0.7488611946712505,0.3491794001131862,0.24344569288389512,10.363914218718266
285,2018,9,12,31809,72.55250000000001,51.916666666666664,1.3208333333333333,1988.7916666666667,53.435,0.8495833333333334,0.0,0.0,Autumn,1,1,1.0,0.0,0.0,0.0,0.9937233124110414,0.7687150837988828,0.4029428409734012,0.1972534332084894,10.36753598474319
286,2018,9,13,30991,74.195,62.291666666666664,1.2249999999999999,1986.2083333333333,60.125,0.53875,0.0,0.0,Autumn,1,1,1.0,0.0,0.0,0.0,0.9922766409221364,0.7875376020627417,0.5438596491228069,0.1685393258426966,10.341484385646778
287,2018,9,14,28199,74.2325,67.20833333333333,1.3041666666666667,1954.4583333333333,62.269999999999996,0.4083333333333334,0.020833333333333332,0.0,Autumn,1,1,1.0,0.0,0.0,0.0,0.9744965816552721,0.7879673399226472,0.6106395019807583,0.19225967540574285,10.247077256926206
288,2018,9,15,25079,73.7825,75.875,0.9916666666666667,1951.3333333333333,65.435,0.31,0.008333333333333333,0.0,Autumn,1,1,1.0,0.0,0.0,0.0,0.9727465758219194,0.7828104856037817,0.7283531409168081,0.09862671660424471,10.129825994746858
289,2018,9,16,14178,72.215,82.91666666666667,1.7458333333333333,731.2083333333334,66.4625,0.26833333333333337,0.08333333333333333,0.0,Autumn,1,1,1.0,0.0,0.0,0.0,0.28947429824766086,0.7648474430597336,0.8239954725523487,0.3245942571785269,9.559517275737559
290,2018,9,17,30290,72.1925,64.66666666666667,2.0166666666666666,1598.2916666666667,58.4825,0.8508333333333332,0.004166666666666667,0.0,Autumn,1,1,1.0,0.0,0.0,0.0,0.7750425834752783,0.7645896003437902,0.5761177136389362,0.40574282147315854,10.31860591767243
291,2018,9,18,0,71.33,59.666666666666664,1.3291666666666666,1819.125,55.504999999999995,0.6604166666666667,0.0,0.0,Autumn,1,0,1.0,0.0,0.0,0.0,0.8987096623655412,0.7547056295659648,0.5082059988681381,0.19975031210986266,0.0
292,2018,9,19,0,71.9675,59.75,0.9500000000000001,1729.2083333333333,56.465,0.44416666666666665,0.008333333333333333,0.0,Autumn,1,0,1.0,0.0,0.0,0.0,0.8483561611872039,0.7620111731843575,0.5093378607809848,0.08614232209737831,0.0
293,2018,9,20,14282,66.28999999999999,80.20833333333333,1.7416666666666665,1387.875,59.675,0.17,0.20833333333333334,0.0,Autumn,1,1,1.0,0.0,0.0,0.0,0.6572088573628578,0.6969488611946711,0.787209960384833,0.3233458177278402,9.566825297862628
294,2018,9,21,18266,66.86,85.54166666666667,1.3333333333333333,1691.875,62.150000000000006,0.26291666666666663,0.75,0.0,Autumn,1,1,1.0,0.0,0.0,0.0,0.8274494248314161,0.7034808766652342,0.8596491228070177,0.2009987515605493,9.812851432276684
295,2018,9,22,26398,69.815,63.416666666666664,1.7333333333333334,1551.3333333333333,54.7175,0.7941666666666666,0.2708333333333333,0.0,Autumn,1,1,1.0,0.0,0.0,0.0,0.7487458291527638,0.7373442200257843,0.5591397849462365,0.3208489388264669,10.18108140962911
296,2018,9,23,20060,66.9425,54.833333333333336,1.5958333333333332,1988.25,49.07,0.6154166666666666,0.0,0.0,Autumn,0,1,1.0,0.0,0.0,0.0,0.9934199780665935,0.7044262999570262,0.4425580079230334,0.2796504369538077,9.906532910722088
297,2018,9,24,17259,64.0775,47.458333333333336,2.154166666666667,1997.6666666666667,42.5375,0.8733333333333334,0.0,0.0,Autumn,0,1,1.0,0.0,0.0,0.0,0.9986933289777633,0.6715943274602493,0.3423882286361064,0.44694132334581776,9.756146964637418
298,2018,9,25,23350,63.485,48.75,1.0999999999999999,1998.2083333333333,42.3425,0.84125,0.0,0.0,Autumn,0,1,1.0,0.0,0.0,0.0,0.998996663322211,0.664804469273743,0.3599320882852292,0.13108614232209734,10.058395088732475
299,2018,9,26,28018,66.965,47.625,1.7375,1999.2083333333333,45.74,0.7108333333333333,0.0,0.0,Autumn,1,1,1.0,0.0,0.0,0.0,0.999556665188884,0.7046841426729695,0.34465195246179964,0.3220973782771536,10.24063813046042
300,2018,9,27,30789,65.825,47.125,1.2375,1999.4583333333333,44.42,0.7608333333333333,0.0,0.0,Autumn,1,1,1.0,0.0,0.0,0.0,0.9996966656555522,0.6916201117318437,0.3378607809847199,0.1722846441947566,10.334945240918547
301,2018,9,28,0,63.545,57.291666666666664,1.2958333333333334,1999.3333333333333,47.900000000000006,0.365,0.0,0.0,Autumn,1,0,1.0,0.0,0.0,0.0,0.999626665422218,0.6654920498495918,0.47594793435200905,0.18976279650436956,0.0
302,2018,9,29,31447,68.13499999999999,55.416666666666664,1.0250000000000001,1998.25,50.1875,0.8070833333333334,0.0,0.0,Autumn,1,1,1.0,0.0,0.0,0.0,0.9990199967333224,0.7180919639020197,0.4504810413129598,0.10861423220973787,10.356090667101697
303,2018,9,30,0,64.25,53.791666666666664,2.025,1928.25,45.68,0.7062499999999999,0.0,0.0,Autumn,1,0,1.0,0.0,0.0,0.0,0.9598198660662203,0.6735711216158143,0.42840973401245047,0.4082397003745318,0.0
304,2018,10,1,27909,59.7875,54.25,2.8249999999999997,1985.5416666666667,42.769999999999996,0.6291666666666667,0.0,0.0,Autumn,1,1,1.0,0.0,0.0,0.0,0.9919033063443545,0.6224323162870649,0.43463497453310695,0.647940074906367,10.236740326530368
305,2018,10,2,0,60.41,60.791666666666664,1.6291666666666667,1843.7083333333333,45.575,0.785,0.0,0.0,Autumn,1,0,1.0,0.0,0.0,0.0,0.9124763749212497,0.6295659647614955,0.5234861346915676,0.28963795255930086,0.0
306,2018,10,3,30349,63.035,59.125,1.2,1853.5416666666667,47.052499999999995,0.7704166666666666,0.0,0.0,Autumn,0,1,1.0,0.0,0.0,0.0,0.9179830599435331,0.6596476149548774,0.5008488964346349,0.16104868913857678,10.320551796487644
307,2018,10,4,0,66.01249999999999,56.833333333333336,1.2874999999999999,1956.125,49.265,0.6616666666666666,0.0,0.0,Autumn,1,0,1.0,0.0,0.0,0.0,0.975429918099727,0.6937688010313707,0.4697226938313526,0.18726591760299624,0.0
308,2018,10,5,4522,62.77250000000001,81.33333333333333,1.7708333333333333,1318.3333333333333,56.315,0.11416666666666665,1.4791666666666667,0.0,Autumn,1,1,1.0,0.0,0.0,0.0,0.6182653942179807,0.6566394499355395,0.8024900962082625,0.3320848938826467,8.416930769477844
309,2018,10,6,16037,64.4375,84.16666666666667,2.1916666666666664,1532.2083333333333,59.1575,0.28583333333333333,2.3541666666666665,0.0,Autumn,1,0,1.0,0.0,0.0,0.0,0.7380357934526448,0.6757198109153416,0.8409734012450482,0.4581772784019974,9.682716185366974
310,2018,10,7,27614,62.1725,58.125,1.7083333333333333,1836.125,45.2,0.6520833333333332,0.0,0.0,Autumn,1,1,1.0,0.0,0.0,0.0,0.9082296940989804,0.649763644177052,0.4872665534804754,0.3133583021223471,10.226114382335288
311,2018,10,8,29362,58.4975,46.458333333333336,1.1125,1984.3333333333333,36.5675,0.6366666666666666,0.0,0.0,Autumn,1,1,1.0,0.0,0.0,0.0,0.9912266374221247,0.6076493339063171,0.32880588568194685,0.13483146067415733,10.28749065734496
312,2018,10,9,0,59.0,52.625,1.1375,1992.5833333333333,41.015,0.37041666666666667,0.0,0.0,Autumn,0,0,1.0,0.0,0.0,0.0,0.995846652822176,0.6134078212290502,0.41256366723259763,0.14232209737827714,0.0
313,2018,10,10,24410,55.0625,61.291666666666664,2.3916666666666666,1701.9166666666667,40.925,0.4291666666666667,0.2916666666666667,0.0,Autumn,1,1,1.0,0.0,0.0,0.0,0.8330727769092564,0.5682853459389773,0.5302773061686474,0.5181023720349562,10.102789129364767
314,2018,10,11,24526,49.43,50.25,2.2041666666666666,1991.7083333333333,30.7775,0.6425,0.0,0.0,Autumn,1,1,1.0,0.0,0.0,0.0,0.9953566511888372,0.5037387193811774,0.38030560271646857,0.4619225967540574,10.107529830547938
315,2018,10,12,26237,51.462500000000006,53.25,1.2416666666666667,1962.6666666666667,33.965,0.73625,0.0,0.0,Autumn,1,1,1.0,0.0,0.0,0.0,0.9790932636442122,0.5270305113880533,0.42105263157894735,0.1735330836454432,10.174964020640976
316,2018,10,13,25542,54.3125,55.666666666666664,1.0458333333333334,1375.25,36.980000000000004,0.6991666666666667,0.0,0.0,Autumn,1,1,1.0,0.0,0.0,0.0,0.6501388337961126,0.5596905887408681,0.45387662705149967,0.11485642946317107,10.14811858549176
317,2018,10,14,24349,55.3925,58.0,1.375,1315.375,39.3725,0.6699999999999999,0.0,0.0,Autumn,1,1,1.0,0.0,0.0,0.0,0.6166087220290735,0.5720670391061452,0.4855687606112054,0.21348314606741575,10.100287128510736
318,2018,10,15,26198,59.165,70.41666666666667,1.3208333333333333,764.4166666666666,48.807500000000005,0.4691666666666667,0.0,0.0,Autumn,1,1,1.0,0.0,0.0,0.0,0.30807102690342303,0.6152986678126342,0.6542161856253538,0.1972534332084894,10.173476521081843
319,2018,10,16,26956,58.055,55.625,1.2,1407.625,40.8875,0.5479166666666667,0.0,0.0,Autumn,1,1,1.0,0.0,0.0,0.0,0.6682688942296474,0.6025784271594327,0.4533106960950764,0.16104868913857678,10.201998282870223
320,2018,10,17,26502,55.010000000000005,53.041666666666664,1.2208333333333334,1572.2916666666667,35.8475,0.685,0.0,0.0,Autumn,1,1,1.0,0.0,0.0,0.0,0.7604825349417832,0.5676837129351097,0.41822297679683074,0.16729088639201004,10.185013213113992
321,2018,10,18,26504,54.6725,59.666666666666664,1.125,1995.9166666666667,39.980000000000004,0.5570833333333333,0.0,0.0,Autumn,1,1,1.0,0.0,0.0,0.0,0.9977133257110857,0.5638160721959605,0.5082059988681381,0.13857677902621723,10.185088673421907
322,2018,10,19,27437,55.572500000000005,54.416666666666664,1.4875,1995.9166666666667,37.79,0.67625,0.0,0.0,Autumn,1,1,1.0,0.0,0.0,0.0,0.9977133257110857,0.5741297808336915,0.4368986983588002,0.24719101123595508,10.21968419288611
323,2018,10,20,25355,56.135000000000005,53.625,1.075,1657.6666666666667,37.0475,0.6654166666666667,0.0,0.0,Autumn,1,1,1.0,0.0,0.0,0.0,0.8082926943089811,0.5805758487322734,0.42614601018675724,0.12359550561797752,10.140770667404057
324,2018,10,21,23906,56.06,50.083333333333336,1.1083333333333334,1591.75,35.5775,0.6570833333333334,0.0,0.0,Autumn,1,1,1.0,0.0,0.0,0.0,0.7713792379307931,0.5797163730124625,0.37804187889077534,0.13358302122347068,10.081926582065858
325,2018,10,22,26075,57.177499999999995,49.541666666666664,0.9416666666666668,1184.4583333333333,37.4525,0.5054166666666666,0.0,0.0,Autumn,1,1,1.0,0.0,0.0,0.0,0.5432951443171478,0.592522561237645,0.37068477645727216,0.08364544319600503,10.16877063004443
326,2018,10,23,21601,54.49249999999999,71.625,1.2583333333333333,855.8333333333334,45.305,0.32,0.20833333333333334,0.0,Autumn,1,1,1.0,0.0,0.0,0.0,0.3592645308817697,0.5617533304684142,0.6706281833616299,0.17852684144818975,9.980541181978419
327,2018,10,24,26418,54.635000000000005,67.04166666666667,1.2708333333333333,1421.8333333333333,42.755,0.5683333333333334,0.0,0.0,Autumn,1,1,1.0,0.0,0.0,0.0,0.6762255874186247,0.5633863343360551,0.6083757781550652,0.1822721598002497,10.181838727246433
328,2018,10,25,27258,56.435,57.791666666666664,0.9333333333333332,1613.2083333333333,39.89,0.5650000000000001,0.0,0.0,Autumn,1,1,1.0,0.0,0.0,0.0,0.7833959446531488,0.584013751611517,0.4827391058290888,0.08114856429463169,10.21313902079189
329,2018,10,26,13377,54.53,72.66666666666667,1.6666666666666667,1383.4583333333333,45.5,0.125,0.4583333333333333,0.0,Autumn,1,1,1.0,0.0,0.0,0.0,0.6547355157850525,0.5621830683283198,0.6847764572722128,0.3008739076154807,9.501366845678353
330,2018,10,27,18398,48.035,50.041666666666664,3.3708333333333336,1985.9583333333333,29.69,0.48333333333333334,0.0,0.0,Autumn,1,1,1.0,0.0,0.0,0.0,0.9921366404554681,0.4877524709926944,0.37747594793435196,0.8114856429463172,9.820051594294094
331,2018,10,28,11589,47.1425,75.16666666666667,1.4291666666666665,1895.2083333333333,39.35,0.2775,0.22916666666666666,0.0,Autumn,1,1,1.0,0.0,0.0,0.0,0.9413164710549035,0.47752470992694457,0.7187323146576118,0.22971285892634202,9.357897936333798
332,2018,10,29,19877,45.3125,59.25,2.1166666666666667,1989.0833333333333,31.2725,0.41,0.0,0.0,Autumn,1,1,1.0,0.0,0.0,0.0,0.993886646288821,0.45655350236355824,0.5025466893039049,0.43570536828963796,9.89736887152795
333,2018,10,30,20822,42.605000000000004,49.833333333333336,1.5333333333333332,1980.4166666666667,24.5075,0.6062500000000001,0.0,0.0,Autumn,1,1,1.0,0.0,0.0,0.0,0.989033296777656,0.42552642887838427,0.37464629315223547,0.2609238451935081,9.943813424007693
334,2018,10,31,21545,45.552499999999995,55.0,1.6666666666666667,1960.9166666666667,29.465,0.6045833333333334,0.0,0.0,Autumn,1,1,1.0,0.0,0.0,0.0,0.9781132603775347,0.45930382466695313,0.44482173174872663,0.3008739076154807,9.977945463454137
335,2018,11,1,22964,47.0225,54.166666666666664,1.2708333333333333,1790.1666666666667,30.1625,0.5812499999999999,0.0,0.0,Autumn,1,1,1.0,0.0,0.0,0.0,0.8824929416431389,0.47614954877524707,0.4335031126202603,0.1822721598002497,10.041726596759894
336,2018,11,2,24077,50.9075,54.125,1.1291666666666667,1463.4583333333333,33.575,0.5633333333333334,0.0,0.0,Autumn,1,1,1.0,0.0,0.0,0.0,0.6995356651188837,0.5206703910614525,0.432937181663837,0.13982521847690388,10.089053839494971
337,2018,11,3,0,52.265,56.458333333333336,1.2375,1070.1666666666667,35.4875,0.56625,0.0,0.0,Autumn,1,0,1.0,0.0,0.0,0.0,0.47929159763865886,0.5362269015900301,0.4646293152235428,0.1722846441947566,0.0
338,2018,11,4,20471,53.0,54.75,1.3833333333333335,1240.2083333333333,35.36,0.55875,0.0,0.0,Autumn,1,1,1.0,0.0,0.0,0.0,0.5745152483841612,0.544649763644177,0.44142614601018676,0.2159800249687891,9.926813377839625
339,2018,11,5,23472,53.3525,66.875,1.0625,738.0,41.5775,0.46208333333333335,0.0,0.0,Autumn,1,1,1.0,0.0,0.0,0.0,0.29327764425881425,0.5486892995272883,0.6061120543293718,0.11985018726591762,10.063606103428887
340,2018,11,6,0,53.847500000000004,69.79166666666667,0.9083333333333333,409.6666666666667,43.745,0.32708333333333334,0.0,0.0,Autumn,1,0,1.0,0.0,0.0,0.0,0.10941036470121569,0.5543618392780404,0.6457272212790041,0.07365792759051186,0.0
341,2018,11,7,16525,55.0025,80.16666666666667,1.125,598.75,48.7625,0.16874999999999998,0.08333333333333333,0.0,Autumn,1,1,1.0,0.0,0.0,0.0,0.21529738432461445,0.5675977653631284,0.7866440294284098,0.13857677902621723,9.71269017726113
342,2018,11,8,1721,53.082499999999996,91.54166666666667,1.8833333333333335,866.0833333333334,50.510000000000005,0.05458333333333334,1.9166666666666667,0.0,Autumn,1,1,1.0,0.0,0.0,0.0,0.3650045500151668,0.5455951869359691,0.9411431805319752,0.36579275905118613,7.451241684987676
343,2018,11,9,0,53.6525,70.75,3.0541666666666667,1126.25,43.82,0.40625,0.7916666666666666,0.0,Autumn,1,0,1.0,0.0,0.0,0.0,0.5106983689945633,0.5521272024065321,0.6587436332767402,0.7166042446941323,0.0
344,2018,11,10,18473,53.795,69.20833333333333,1.3041666666666667,453.75,42.875,0.46416666666666667,0.0,0.0,Autumn,1,1,1.0,0.0,0.0,0.0,0.13409711365704555,0.5537602062741728,0.6378041878890774,0.19225967540574285,9.824119617152556
345,2018,11,11,13138,47.1125,69.70833333333333,1.0250000000000001,750.0833333333334,37.25,0.155,0.0,0.0,Autumn,1,1,1.0,0.0,0.0,0.0,0.30004433348111165,0.4771809196390202,0.6445953593661573,0.10861423220973787,9.483340185641822
346,2018,11,12,21003,46.46,53.375,1.1958333333333333,1770.375,29.645,0.505,0.0,0.0,Autumn,1,1,1.0,0.0,0.0,0.0,0.8714095713652379,0.4697034808766652,0.4227504244482173,0.15980024968789014,9.95246817475775
347,2018,11,13,21992,47.7725,52.958333333333336,0.9791666666666666,1523.2083333333333,30.725,0.48750000000000004,0.0,0.0,Autumn,1,1,1.0,0.0,0.0,0.0,0.7329957766525887,0.4847443059733562,0.4170911148839842,0.09488139825218476,9.998479499891696
348,2018,11,14,22707,49.4525,55.625,1.1208333333333333,1443.8333333333333,33.3125,0.48375000000000007,0.0,0.0,Autumn,1,1,1.0,0.0,0.0,0.0,0.6885456284854282,0.5039965620971207,0.4533106960950764,0.1373283395755306,10.030472564290617
349,2018,11,15,21502,49.24250000000001,55.708333333333336,1.0208333333333333,951.2916666666666,32.93,0.3979166666666667,0.0,0.0,Autumn,1,1,1.0,0.0,0.0,0.0,0.41272137573791917,0.5015900300816503,0.45444255800792305,0.10736579275905117,9.975947739265388
350,2018,11,16,20660,48.215,63.333333333333336,1.675,707.1666666666666,35.96,0.345,0.0,0.0,Autumn,1,1,1.0,0.0,0.0,0.0,0.27601092003640015,0.4898152127202407,0.55800792303339,0.303370786516854,9.936003144212808
351,2018,11,17,15689,40.97,53.333333333333336,1.4625000000000001,1556.8333333333333,23.975,0.38208333333333333,0.0,0.0,Autumn,1,1,1.0,0.0,0.0,0.0,0.7518258394194647,0.40678985818650626,0.42218449349179404,0.23970037453183526,9.660778845727078
352,2018,11,18,14319,42.575,47.083333333333336,1.1458333333333333,1720.9583333333333,23.5625,0.3120833333333333,0.0,0.0,Autumn,1,1,1.0,0.0,0.0,0.0,0.8437361457871526,0.4251826385904599,0.33729485002829657,0.14481897627965043,9.569412440514636
353,2018,11,19,18956,44.0675,53.291666666666664,1.375,1087.0416666666667,27.5825,0.32625,0.0,0.0,Autumn,1,1,1.0,0.0,0.0,0.0,0.4887416291387639,0.442286205414697,0.42161856253537067,0.21348314606741575,9.849928535441565
354,2018,11,20,19127,43.22,36.458333333333336,1.8625,1862.2083333333333,17.067500000000003,0.4595833333333334,0.0,0.0,Autumn,1,1,1.0,0.0,0.0,0.0,0.9228364094546981,0.4325741297808337,0.19298245614035092,0.35955056179775285,9.85890850913816
355,2018,11,21,15732,43.2425,60.75,1.075,1436.4583333333333,29.375,0.12291666666666667,0.049999999999999996,0.0,Autumn,1,1,1.0,0.0,0.0,0.0,0.6844156147187157,0.4328319724967769,0.5229202037351444,0.12359550561797752,9.663515696240424
356,2018,11,22,16496,36.7625,35.375,2.3249999999999997,1961.125,11.3675,0.45083333333333336,0.0,0.0,Autumn,1,1,1.0,0.0,0.0,0.0,0.9782299274330915,0.3585732703051139,0.17826825127334464,0.4981273408239699,9.710933825175925
357,2018,11,23,16314,35.03,30.583333333333332,1.4916666666666665,1989.375,5.862499999999997,0.4483333333333333,0.0,0.0,Autumn,1,1,1.0,0.0,0.0,0.0,0.9940499801666005,0.33871938117748174,0.11318619128466326,0.24843945068664167,9.699840209027421
358,2018,11,24,6477,36.32,69.91666666666667,1.7541666666666667,1152.9166666666667,25.04,0.14083333333333334,0.45416666666666666,3.279166666666667,Autumn,1,1,1.0,0.0,0.0,0.0,0.5256317521058405,0.35350236355822945,0.647425014148274,0.32709113607990015,8.776167099731275
359,2018,11,25,11212,40.7525,76.95833333333333,0.9666666666666667,461.7916666666667,33.485,0.32916666666666666,0.0,1.7249999999999999,Autumn,1,1,1.0,0.0,0.0,0.0,0.13860046200154003,0.40429737859905457,0.7430673457838143,0.09113607990012486,9.324829098460881
360,2018,11,26,17162,43.3775,70.5,1.0291666666666666,475.0,33.5225,0.41875,0.0,0.12083333333333333,Autumn,1,1,1.0,0.0,0.0,0.0,0.14599715332384444,0.4343790287924366,0.6553480475382003,0.10986267166042445,9.750511182936638
361,2018,11,27,16282,44.72,68.0,1.3499999999999999,405.2916666666667,33.8,0.1925,0.0,0.0,Autumn,1,1,1.0,0.0,0.0,0.0,0.10696035653452181,0.449763644177052,0.6213921901528013,0.20599250936329586,9.697876897764221
362,2018,11,28,16524,41.5475,25.791666666666668,1.6958333333333335,1429.0833333333333,7.969999999999999,0.4033333333333333,0.0,0.0,Autumn,1,1,1.0,0.0,0.0,0.0,0.6802856009520031,0.4134078212290503,0.04810413129598191,0.30961298377028723,9.712629664719888
363,2018,11,29,16423,37.9475,38.0,1.2125000000000001,1596.7083333333333,14.344999999999999,0.11708333333333333,0.0,0.0,Autumn,1,1,1.0,0.0,0.0,0.0,0.7741559138530462,0.37215298667812624,0.21392190152801357,0.16479400749063675,9.70649895869877
364,2018,11,30,16297,36.9725,47.208333333333336,1.4333333333333333,1581.9166666666667,16.932499999999997,0.42583333333333334,0.0,0.0,Autumn,1,1,1.0,0.0,0.0,0.0,0.7658725529085098,0.3609798023205844,0.33899264289756653,0.23096129837702872,9.698797679880165
